City,Date,Precip,Weather,Dewpoint,Pressure,Visibility,Windspeed,MaxSpeed,TempMax,TempMin
"ATLANTA 2.3 NE, GA US",1/1/2020,0,sun,26.1,1017.4,10,7.4,11.1,57,36
"ATLANTA 2.3 NE, GA US",1/2/2020,0.02,rain,35.1,1016.1,7.6,4.2,12,57,36
"ATLANTA 2.3 NE, GA US",1/3/2020,1.4,rain,53.1,1011.7,2.1,5.8,13,63,46
"ATLANTA 2.3 NE, GA US",1/4/2020,1.79,rain,49.2,1013.6,7.9,9.5,22.9,63,45
"ATLANTA 2.3 NE, GA US",1/5/2020,0,sun,25.9,1025.1,10,9.9,24.1,59,32
"ATLANTA 2.3 NE, GA US",1/6/2020,0,sun,32.5,1022.5,10,5.1,8,63,32
"ATLANTA 2.3 NE, GA US",1/7/2020,0.03,rain,38.1,1019,9.9,9.8,19,63,37.9
"ATLANTA 2.3 NE, GA US",1/8/2020,0,sun,25.2,1027.9,10,7.7,11.1,61,36
"ATLANTA 2.3 NE, GA US",1/9/2020,0,sun,30,1031.9,10,5.7,13,64,36
"ATLANTA 2.3 NE, GA US",1/10/2020,0,sun,46.2,1030.2,10,8.1,12,66,37
"ATLANTA 2.3 NE, GA US",1/11/2020,0,sun,59.4,1021.6,8.7,11.5,19,70,50
"ATLANTA 2.3 NE, GA US",1/12/2020,1.66,rain,52.2,1022.9,9.5,5.5,15,70,48.9
"ATLANTA 2.3 NE, GA US",1/13/2020,0.31,rain,56.7,1026,7.8,4.1,8.9,69.1,48.9
"ATLANTA 2.3 NE, GA US",1/14/2020,1.12,rain,60.4,1024.9,4,5,19,66,59
"ATLANTA 2.3 NE, GA US",1/15/2020,0.46,rain,57.8,1022.2,9.9,3.6,8,72,55.9
"ATLANTA 2.3 NE, GA US",1/16/2020,0.51,rain,53.2,1025.2,8.4,9.6,20,72,55
"ATLANTA 2.3 NE, GA US",1/17/2020,0,sun,26.6,1032,10,9.5,15,64.9,45
"ATLANTA 2.3 NE, GA US",1/18/2020,0,sun,30,1029.9,10,8.9,13,55.9,43
"ATLANTA 2.3 NE, GA US",1/19/2020,0.54,rain,37,1020.5,8.1,10.5,19,55.9,39.9
"ATLANTA 2.3 NE, GA US",1/20/2020,0,sun,16.4,1026.3,10,11.6,15.9,55.9,25
"ATLANTA 2.3 NE, GA US",1/21/2020,0,sun,15.5,1029.8,10,8.9,17.1,41,23
"ATLANTA 2.3 NE, GA US",1/22/2020,0,sun,13.7,1028.6,10,7.5,14,50,23
"ATLANTA 2.3 NE, GA US",1/23/2020,0,sun,22.3,1024.2,9.9,10,17.1,50,24.1
"ATLANTA 2.3 NE, GA US",1/24/2020,0.84,rain,40.8,1016.9,4.7,7.5,13,59,37.9
"ATLANTA 2.3 NE, GA US",1/25/2020,0.06,rain,32.8,1017.6,10,8.7,17.1,59,37
"ATLANTA 2.3 NE, GA US",1/26/2020,0,sun,30.3,1019.4,10,6.6,9.9,51.1,33.1
"ATLANTA 2.3 NE, GA US",1/27/2020,0.01,drizzle,39,1015,10,4.6,13,53.1,33.1
"ATLANTA 2.3 NE, GA US",1/28/2020,0.01,drizzle,34.8,1016.2,10,6.8,12,59,37
"ATLANTA 2.3 NE, GA US",1/29/2020,0,sun,32.5,1016.4,10,4.2,9.9,59,37
"ATLANTA 2.3 NE, GA US",1/30/2020,0,sun,35.5,1018.7,10,6.9,8.9,59,39.9
"ATLANTA 2.3 NE, GA US",1/31/2020,0.02,rain,36.9,1021.2,7.9,8.8,13,59,39.9
"ATLANTA 2.3 NE, GA US",2/1/2020,0,sun,37.7,1017.7,7,6.2,12,50,39.2
"ATLANTA 2.3 NE, GA US",2/2/2020,0,sun,32.9,1017.2,10,8.7,12,66,35.1
"ATLANTA 2.3 NE, GA US",2/3/2020,0,sun,35.2,1017.6,10,6,14,75.9,35.1
"ATLANTA 2.3 NE, GA US",2/4/2020,0,sun,48,1016.9,10,8.3,11.1,75.9,42.1
"ATLANTA 2.3 NE, GA US",2/5/2020,0.05,rain,58.1,1013.2,8.2,8.5,12,69.1,57
"ATLANTA 2.3 NE, GA US",2/6/2020,1.01,rain,60.7,1001.8,5.2,9.8,22.9,72,60.1
"ATLANTA 2.3 NE, GA US",2/7/2020,2.32,rain,34.9,1005.3,8.9,12.9,22,72,37
"ATLANTA 2.3 NE, GA US",2/8/2020,0.15,rain,29.4,1022.8,8.2,3,7,50,30.9
"ATLANTA 2.3 NE, GA US",2/9/2020,0,sun,34.7,1030,3.9,5.3,9.9,55.9,30.9
"ATLANTA 2.3 NE, GA US",2/10/2020,0,sun,39.2,1026,8,6.8,11.1,55.9,34
"ATLANTA 2.3 NE, GA US",2/11/2020,1.63,rain,58,1017.1,5.7,8.7,19,70,39
"ATLANTA 2.3 NE, GA US",2/12/2020,0.12,rain,55.6,1017.2,7.5,6.5,13,73,52
"ATLANTA 2.3 NE, GA US",2/13/2020,0.67,rain,57.4,1012.3,8.8,11.7,25.1,73,50
"ATLANTA 2.3 NE, GA US",2/14/2020,0.54,rain,27.3,1024.7,10,11.7,15.9,52,35.1
"ATLANTA 2.3 NE, GA US",2/15/2020,0,sun,22.2,1030,10,7.8,14,55.9,32
"ATLANTA 2.3 NE, GA US",2/16/2020,0,sun,36.1,1024.3,7.2,5.2,8.9,55.9,32
"ATLANTA 2.3 NE, GA US",2/17/2020,0,sun,44.4,1020,2.5,4.8,8,53.1,42.1
"ATLANTA 2.3 NE, GA US",2/18/2020,0,sun,52.4,1020.5,1,6,12,62.1,44.1
"ATLANTA 2.3 NE, GA US",2/19/2020,1.57,rain,51.1,1022.1,4.9,7.1,18.1,62.1,50
"ATLANTA 2.3 NE, GA US",2/20/2020,0.16,rain,40.8,1025,5.8,12.1,17.1,60.1,39
"ATLANTA 2.3 NE, GA US",2/21/2020,0.94,rain,30.8,1029.7,8.8,8.1,11.1,48,33.8
"ATLANTA 2.3 NE, GA US",2/22/2020,0,sun,25,1031.2,10,3.2,8,55.9,30
"ATLANTA 2.3 NE, GA US",2/23/2020,0,sun,26,1025.8,10,2.3,7,57,30
"ATLANTA 2.3 NE, GA US",2/24/2020,0.1,rain,37.7,1018.4,7.1,4.6,9.9,57,37
"ATLANTA 2.3 NE, GA US",2/25/2020,0.97,rain,49.2,1010.3,3.4,5.6,12,69.1,45
"ATLANTA 2.3 NE, GA US",2/26/2020,0.02,rain,43.9,1012.1,10,6.5,19,69.1,46
"ATLANTA 2.3 NE, GA US",2/27/2020,0.03,rain,24,1020.1,10,13.7,20,55,33.1
"ATLANTA 2.3 NE, GA US",2/28/2020,0,sun,23.6,1021.4,10,8.8,19,54,32
"ATLANTA 2.3 NE, GA US",2/29/2020,0,sun,27.2,1022,10,11.5,22,55.9,32
"ATLANTA 2.3 NE, GA US",3/1/2020,0,sun,25.2,1024.6,10,4.3,8.9,64,34
"ATLANTA 2.3 NE, GA US",3/2/2020,0,sun,39.1,1019.4,8.3,6.1,9.9,64,34
"ATLANTA 2.3 NE, GA US",3/3/2020,0.98,rain,57.6,1011.2,6.1,7,15.9,69.1,46.9
"ATLANTA 2.3 NE, GA US",3/4/2020,0.34,rain,53.8,1014.2,7.7,5.4,9.9,69.1,54
"ATLANTA 2.3 NE, GA US",3/5/2020,1.78,rain,48.5,1016.6,4.6,9.1,18.1,62.1,50
"ATLANTA 2.3 NE, GA US",3/6/2020,0.87,rain,37.4,1020,10,11.9,20,57.9,45
"ATLANTA 2.3 NE, GA US",3/7/2020,0,sun,24.3,1029,10,9.4,20,59,33.1
"ATLANTA 2.3 NE, GA US",3/8/2020,0,sun,28.2,1033.4,10,5.5,12,62.1,33.1
"ATLANTA 2.3 NE, GA US",3/9/2020,0,sun,35.8,1033.2,10,6.2,11.1,66.9,37.9
"ATLANTA 2.3 NE, GA US",3/10/2020,0.05,rain,49,1027.9,9.5,6.2,12,66.9,43
"ATLANTA 2.3 NE, GA US",3/11/2020,0.06,rain,55,1021.2,8.4,5.7,15,72,55
"ATLANTA 2.3 NE, GA US",3/12/2020,0.26,rain,58.2,1015.8,7,4.4,11.1,75.9,55
"ATLANTA 2.3 NE, GA US",3/13/2020,0.02,rain,58.5,1017.2,10,7.5,12,75.9,60.1
"ATLANTA 2.3 NE, GA US",3/14/2020,0,sun,54.3,1023.7,10,4.9,11.1,81,57
"ATLANTA 2.3 NE, GA US",3/15/2020,0,sun,52.2,1024.4,10,7.8,12,81,57
"ATLANTA 2.3 NE, GA US",3/16/2020,0,sun,51.7,1025.8,8.2,7.5,14,71.1,52
"ATLANTA 2.3 NE, GA US",3/17/2020,0,sun,51.1,1024.1,5.1,5.5,11.1,68,51.1
"ATLANTA 2.3 NE, GA US",3/18/2020,0,sun,57.4,1023.8,7.7,4.3,8,78.1,51.1
"ATLANTA 2.3 NE, GA US",3/19/2020,0,sun,59.5,1023.5,5.3,6.7,13,81,55.9
"ATLANTA 2.3 NE, GA US",3/20/2020,0.08,rain,59,1023,10,7.2,15,82.9,59
"ATLANTA 2.3 NE, GA US",3/21/2020,0.08,rain,56.7,1023.6,9.5,8,22.9,82.9,61
"ATLANTA 2.3 NE, GA US",3/22/2020,0.06,rain,47.8,1024.9,9.9,8.5,15,73.9,46.9
"ATLANTA 2.3 NE, GA US",3/23/2020,1.59,rain,51.7,1022.9,2.6,7.4,12,63,46.9
"ATLANTA 2.3 NE, GA US",3/24/2020,0.81,rain,60.3,1016.1,3.6,4.5,15,78.1,51.1
"ATLANTA 2.3 NE, GA US",3/25/2020,0,sun,57.6,1010.9,9.3,8.9,15,78.1,60.1
"ATLANTA 2.3 NE, GA US",3/26/2020,0,sun,50.1,1015.2,10,5.7,8.9,80.1,52
"ATLANTA 2.3 NE, GA US",3/27/2020,0,sun,55.4,1013.7,9.8,5.3,13,84.9,52
"ATLANTA 2.3 NE, GA US",3/28/2020,0,sun,60.9,1014.2,10,7.8,15,84.9,60.1
"ATLANTA 2.3 NE, GA US",3/29/2020,0,sun,58.1,1015.9,9.8,8.9,19,84,66
"ATLANTA 2.3 NE, GA US",3/30/2020,0,sun,39.5,1019.7,10,8.7,12,79,60.1
"ATLANTA 2.3 NE, GA US",3/31/2020,0,sun,42.7,1010,9.3,7.7,20,75,52
"ATLANTA 2.3 NE, GA US",4/1/2020,0.36,rain,36.8,1011.9,10,13.4,19,64,42.1
"ATLANTA 2.3 NE, GA US",4/2/2020,0,sun,36,1017.6,10,5.8,11.1,69.1,39.9
"ATLANTA 2.3 NE, GA US",4/3/2020,0,sun,36.3,1016,10,6.4,8.9,78.1,39.9
"ATLANTA 2.3 NE, GA US",4/4/2020,0,sun,40.2,1014.2,10,5.3,9.9,78.1,48
"ATLANTA 2.3 NE, GA US",4/5/2020,0,sun,45.8,1015.3,10,2.8,5.1,80.1,55.9
"ATLANTA 2.3 NE, GA US",4/6/2020,0,sun,52.2,1017.9,10,5,11.1,82.9,57.9
"ATLANTA 2.3 NE, GA US",4/7/2020,0,sun,55.9,1017.1,10,5.8,13,82.9,57.9
"ATLANTA 2.3 NE, GA US",4/8/2020,0,sun,61.5,1011.9,8.6,6.4,9.9,81,62.1
"ATLANTA 2.3 NE, GA US",4/9/2020,0.31,rain,58.8,1007.6,9.4,10.3,19,81,62.1
"ATLANTA 2.3 NE, GA US",4/10/2020,0,sun,29.1,1011.8,10,13.2,20,78.1,51.1
"ATLANTA 2.3 NE, GA US",4/11/2020,0,sun,28.8,1017.5,10,6.4,9.9,71.1,39.9
"ATLANTA 2.3 NE, GA US",4/12/2020,0,sun,45.8,1014.3,6.8,6.6,15.9,71.6,52
"ATLANTA 2.3 NE, GA US",4/13/2020,1.05,rain,58.2,1009.9,8.7,12.9,25.1,75,50
"ATLANTA 2.3 NE, GA US",4/14/2020,0,sun,46,1017,10,8,13,73.9,46.9
"ATLANTA 2.3 NE, GA US",4/15/2020,0,sun,30.1,1016.1,10,11.5,15,72,41
"ATLANTA 2.3 NE, GA US",4/16/2020,0,sun,26.3,1022.8,10,7.3,13,69.1,41
"ATLANTA 2.3 NE, GA US",4/17/2020,0,sun,39.2,1023,10,5.5,13,73.9,42.1
"ATLANTA 2.3 NE, GA US",4/18/2020,0.03,rain,46.5,1015.3,9.7,8.9,15.9,73.9,46.9
"ATLANTA 2.3 NE, GA US",4/19/2020,0,sun,42.2,1013.2,6.6,5.9,8.9,70,46.9
"ATLANTA 2.3 NE, GA US",4/20/2020,2.37,rain,51.3,1006.4,5.6,9.3,15.9,71.1,46.9
"ATLANTA 2.3 NE, GA US",4/21/2020,0.02,rain,45.8,1012,10,9.1,20,75,53.1
"ATLANTA 2.3 NE, GA US",4/22/2020,0,sun,39.2,1017.1,10,6.4,12,75,48.9
"ATLANTA 2.3 NE, GA US",4/23/2020,0.21,rain,51,1013.6,9,7.5,21,72,48.9
"ATLANTA 2.3 NE, GA US",4/24/2020,0.73,rain,56.2,1007.9,9.9,8.9,20,72,54
"ATLANTA 2.3 NE, GA US",4/25/2020,0,sun,53.2,1010.6,10,6.1,15,80.1,55
"ATLANTA 2.3 NE, GA US",4/26/2020,0.01,drizzle,46.2,1013.5,10,12.2,21,80.1,52
"ATLANTA 2.3 NE, GA US",4/27/2020,0,sun,38.9,1021,10,10.9,22.9,73,46
"ATLANTA 2.3 NE, GA US",4/28/2020,0,sun,42.4,1021,10,4,8.9,79,46
"ATLANTA 2.3 NE, GA US",4/29/2020,0,sun,52.4,1013.5,9.8,8.5,15.9,79,53.1
"ATLANTA 2.3 NE, GA US",4/30/2020,0.73,rain,51.2,1009.9,9.5,8.4,20,71.1,53.1
"ATLANTA 2.3 NE, GA US",5/1/2020,0,sun,42.3,1015.5,10,8.9,15,75,48
"ATLANTA 2.3 NE, GA US",5/2/2020,0,sun,43.3,1020,10,4.4,8.9,82,48
"ATLANTA 2.3 NE, GA US",5/3/2020,0,sun,51.2,1017.8,10,6.2,11.1,84.9,52
"ATLANTA 2.3 NE, GA US",5/4/2020,0,sun,56.9,1013.9,10,5.8,8,86,57.9
"ATLANTA 2.3 NE, GA US",5/5/2020,0,sun,62.7,1011.5,10,7.2,13,86,61
"ATLANTA 2.3 NE, GA US",5/6/2020,0,sun,47.7,1012.6,10,13.8,22,84,54
"ATLANTA 2.3 NE, GA US",5/7/2020,0,sun,37,1019.3,10,10.6,18.1,73.9,45
"ATLANTA 2.3 NE, GA US",5/8/2020,0,sun,42.2,1016.3,9.7,4.7,9.9,69.1,45
"ATLANTA 2.3 NE, GA US",5/9/2020,0.15,rain,36.9,1019.7,9.4,9.8,19,66,44.1
"ATLANTA 2.3 NE, GA US",5/10/2020,0,sun,34.6,1022.6,10,4.8,8.9,73.9,42.1
"ATLANTA 2.3 NE, GA US",5/11/2020,0,sun,34.9,1020.9,10,10.3,15.9,73.9,42.1
"ATLANTA 2.3 NE, GA US",5/12/2020,0,sun,36.9,1023.1,10,5.4,11.1,73.9,48.9
"ATLANTA 2.3 NE, GA US",5/13/2020,0,sun,48,1023.3,10,5.8,11.1,80.1,48.9
"ATLANTA 2.3 NE, GA US",5/14/2020,0,sun,56.2,1023,10,7.1,11.1,82.9,55.9
"ATLANTA 2.3 NE, GA US",5/15/2020,0,sun,56.2,1020.1,10,6.3,8.9,82.9,61
"ATLANTA 2.3 NE, GA US",5/16/2020,0,sun,57.3,1016.6,10,4.8,9.9,84.9,61
"ATLANTA 2.3 NE, GA US",5/17/2020,0,sun,59.7,1014.7,10,5.9,12,84.9,63
"ATLANTA 2.3 NE, GA US",5/18/2020,1.74,rain,65.4,1010.5,8.2,5.5,11.1,84.9,64.9
"ATLANTA 2.3 NE, GA US",5/19/2020,0.33,rain,59.9,1008,9.3,7.6,14,75,62.6
"ATLANTA 2.3 NE, GA US",5/20/2020,0.48,rain,54.7,1011.8,9.7,10.2,15,75.9,57.9
"ATLANTA 2.3 NE, GA US",5/21/2020,0.02,rain,53.5,1015.8,8.8,5.7,12,75,54
"ATLANTA 2.3 NE, GA US",5/22/2020,0,sun,62,1017.2,10,5.5,11.1,86,54
"ATLANTA 2.3 NE, GA US",5/23/2020,0.04,rain,64.7,1017.9,9.9,5,15.9,86,64
"ATLANTA 2.3 NE, GA US",5/24/2020,0.06,rain,64.7,1017.5,10,3.9,12,88,64.9
"ATLANTA 2.3 NE, GA US",5/25/2020,0,sun,64.6,1016.8,9.7,6.5,18.1,88,68
"ATLANTA 2.3 NE, GA US",5/26/2020,0.26,rain,64.8,1017.1,9,9.6,18.1,84.9,68
"ATLANTA 2.3 NE, GA US",5/27/2020,0.03,rain,64.4,1015.5,7.9,9.6,14,75,68
"ATLANTA 2.3 NE, GA US",5/28/2020,0.86,rain,66,1015.4,6.5,5.4,14,84,66
"ATLANTA 2.3 NE, GA US",5/29/2020,0.02,rain,67.3,1016.4,9.9,3.6,9.9,84,66.9
"ATLANTA 2.3 NE, GA US",5/30/2020,0.9,rain,64.5,1016.5,10,5.5,11.1,86,66.9
"ATLANTA 2.3 NE, GA US",5/31/2020,0,sun,57.6,1017.2,10,6.4,9.9,86,63
"ATLANTA 2.3 NE, GA US",6/1/2020,0,sun,57.6,1021,10,8.9,13,84.9,63
"ATLANTA 2.3 NE, GA US",6/2/2020,0,sun,60,1021.7,10,5.5,8,84.9,66
"ATLANTA 2.3 NE, GA US",6/3/2020,0,sun,64.1,1017.4,10,5,8.9,87.1,66
"ATLANTA 2.3 NE, GA US",6/4/2020,0,sun,66.1,1013.7,9.7,6.5,9.9,89.1,69.1
"ATLANTA 2.3 NE, GA US",6/5/2020,0.01,rain,67.4,1013.9,9.8,6.4,12,89.1,70
"ATLANTA 2.3 NE, GA US",6/6/2020,0.43,rain,67.7,1015.4,9.7,3.8,18.1,87.1,69.1
"ATLANTA 2.3 NE, GA US",6/7/2020,0,sun,68.4,1014.2,9.9,4.7,9.9,87.1,69.1
"ATLANTA 2.3 NE, GA US",6/8/2020,0,sun,70.1,1012.8,9.9,6.9,9.9,84.9,71.1
"ATLANTA 2.3 NE, GA US",6/9/2020,0.77,rain,71.3,1013.9,9.6,6.7,21,86,73
"ATLANTA 2.3 NE, GA US",6/10/2020,0.08,rain,71.5,1014.8,8.5,6.5,14,86,73
"ATLANTA 2.3 NE, GA US",6/11/2020,0.94,rain,65.2,1017.7,10,9.3,15,84,68
"ATLANTA 2.3 NE, GA US",6/12/2020,0.02,rain,59.9,1019.5,10,8.1,15.9,88,66
"ATLANTA 2.3 NE, GA US",6/13/2020,0.01,drizzle,59.2,1018.6,10,6.9,13,88,66
"ATLANTA 2.3 NE, GA US",6/14/2020,0,sun,58.9,1020.2,9.7,4.9,32.1,87.1,66.9
"ATLANTA 2.3 NE, GA US",6/15/2020,1.02,rain,59.9,1021.3,10,7.6,32.1,81,63
"ATLANTA 2.3 NE, GA US",6/16/2020,0,sun,55.5,1021.9,10,9.9,14,80.1,61
"ATLANTA 2.3 NE, GA US",6/17/2020,0,sun,55.2,1019.9,10,5.4,11.1,75.9,59
"ATLANTA 2.3 NE, GA US",6/18/2020,0,sun,58.4,1017.6,10,4,9.9,82.9,59
"ATLANTA 2.3 NE, GA US",6/19/2020,0,sun,61,1018,10,3.4,8.9,87.1,61
"ATLANTA 2.3 NE, GA US",6/20/2020,0,sun,61.7,1017.7,10,4.1,8.9,90,66.9
"ATLANTA 2.3 NE, GA US",6/21/2020,0,sun,64.1,1015.7,10,3.8,27,90,66.9
"ATLANTA 2.3 NE, GA US",6/22/2020,0.02,rain,67.1,1016.4,9.7,3.5,15.9,90,69.1
"ATLANTA 2.3 NE, GA US",6/23/2020,0.52,rain,68,1013.4,9.9,8,13,87.1,69.1
"ATLANTA 2.3 NE, GA US",6/24/2020,0.22,rain,66.6,1013.8,10,8.3,9.9,86,69.1
"ATLANTA 2.3 NE, GA US",6/25/2020,0.02,rain,67.9,1017.1,8.8,5.4,9.9,82.9,69.1
"ATLANTA 2.3 NE, GA US",6/26/2020,0,sun,66.4,1021.4,9.8,7.7,15,86,68
"ATLANTA 2.3 NE, GA US",6/27/2020,0.02,rain,64.2,1020,7.2,7.4,29.9,88,68
"ATLANTA 2.3 NE, GA US",6/28/2020,0.6,rain,69.8,1015.7,10,7.2,13,90,68
"ATLANTA 2.3 NE, GA US",6/29/2020,0,sun,68.4,1015.1,10,7.2,11.1,93,73
"ATLANTA 2.3 NE, GA US",6/30/2020,0,sun,67.1,1014.9,10,7.3,19,93,72
"ATLANTA 2.3 NE, GA US",7/1/2020,0.49,rain,67.6,1013.4,10,6.9,19,91,69.1
"ATLANTA 2.3 NE, GA US",7/2/2020,0.06,rain,68.4,1012.6,9.8,7.6,20,89.1,69.1
"ATLANTA 2.3 NE, GA US",7/3/2020,0.01,drizzle,68.9,1013.4,9.9,4.4,8,93,71.1
"ATLANTA 2.3 NE, GA US",7/4/2020,0,sun,68.4,1013.1,9.7,2.6,14,93,73
"ATLANTA 2.3 NE, GA US",7/5/2020,0.91,rain,68.5,1013.1,6.7,5.2,14,91.9,73
"ATLANTA 2.3 NE, GA US",7/6/2020,0,sun,67.9,1014.3,9.1,6.8,17.1,91.9,73
"ATLANTA 2.3 NE, GA US",7/7/2020,0.31,rain,70.2,1014.6,9.3,7,11.1,87.1,73
"ATLANTA 2.3 NE, GA US",7/8/2020,0.03,rain,70.2,1013.8,10,5.4,8.9,87.1,73
"ATLANTA 2.3 NE, GA US",7/9/2020,0,sun,70.1,1012.7,9.9,5.6,13,89.1,73
"ATLANTA 2.3 NE, GA US",7/10/2020,0.22,rain,71.5,1013.4,8.5,5.1,13,91.9,71.6
"ATLANTA 2.3 NE, GA US",7/11/2020,0,sun,66.5,1012.4,10,10.4,15.9,91.9,72
"ATLANTA 2.3 NE, GA US",7/12/2020,0,sun,64.1,1011.7,10,6.4,9.9,91.9,69.1
"ATLANTA 2.3 NE, GA US",7/13/2020,0,sun,67.9,1011.5,8.9,6.9,14,90,68
"ATLANTA 2.3 NE, GA US",7/14/2020,0,sun,66.4,1014.5,10,5.2,8.9,93,68
"ATLANTA 2.3 NE, GA US",7/15/2020,0,sun,68.9,1016.7,9.9,3,8,93,72
"ATLANTA 2.3 NE, GA US",7/16/2020,1.67,rain,70.6,1019.1,9.6,4,9.9,91.9,73
"ATLANTA 2.3 NE, GA US",7/17/2020,0.02,rain,69.8,1020.8,10,3.8,7,93,73
"ATLANTA 2.3 NE, GA US",7/18/2020,0,sun,69.7,1019.5,10,4,14,95,75.9
"ATLANTA 2.3 NE, GA US",7/19/2020,0.2,rain,69.2,1018,10,3,8,95,75
"ATLANTA 2.3 NE, GA US",7/20/2020,0,sun,68.8,1016.5,9.8,4.3,19,95,75
"ATLANTA 2.3 NE, GA US",7/21/2020,0,sun,70.1,1017.3,9.9,3.7,22,95,75
"ATLANTA 2.3 NE, GA US",7/22/2020,0.02,rain,69.9,1018.8,9.7,4.7,8.9,95,73
"ATLANTA 2.3 NE, GA US",7/23/2020,0.02,rain,68.5,1019.6,10,3.6,8.9,93,73
"ATLANTA 2.3 NE, GA US",7/24/2020,0,sun,68.4,1020.6,10,4.6,14,93,73.9
"ATLANTA 2.3 NE, GA US",7/25/2020,0,sun,68.6,1020.3,10,5,12,91,72
"ATLANTA 2.3 NE, GA US",7/26/2020,0.24,rain,68.1,1020.7,10,2.6,6,91,71.1
"ATLANTA 2.3 NE, GA US",7/27/2020,0.03,rain,68.8,1017.9,10,4.3,15,93,71.1
"ATLANTA 2.3 NE, GA US",7/28/2020,0,sun,69.3,1016,10,5.3,15,93,73.9
"ATLANTA 2.3 NE, GA US",7/29/2020,0.01,rain,71,1015.8,9.4,6.2,8.9,89.1,75
"ATLANTA 2.3 NE, GA US",7/30/2020,2.11,rain,71.9,1014.6,9.7,7.5,15.9,88,75
"ATLANTA 2.3 NE, GA US",7/31/2020,0.01,rain,71.4,1013.1,9.9,8.1,11.1,91.9,75
"ATLANTA 2.3 NE, GA US",8/1/2020,0,sun,69.3,1013.5,10,6.7,14,91.9,73
"ATLANTA 2.3 NE, GA US",8/2/2020,0,sun,68.8,1014.5,10,4,8.9,91.9,73
"ATLANTA 2.3 NE, GA US",8/3/2020,0,sun,68.6,1013.9,9.6,5.1,25.1,87.1,71.6
"ATLANTA 2.3 NE, GA US",8/4/2020,1.32,rain,66.1,1014,10,4.9,8.9,91,68
"ATLANTA 2.3 NE, GA US",8/5/2020,0,sun,66.8,1015.1,10,5.2,15.9,91,68
"ATLANTA 2.3 NE, GA US",8/6/2020,0,sun,69.2,1015.2,10,5.5,8,91,73
"ATLANTA 2.3 NE, GA US",8/7/2020,0.51,rain,68.2,1016.8,10,5,9.9,91,73
"ATLANTA 2.3 NE, GA US",8/8/2020,0,sun,67.3,1019.3,10,3.4,9.9,93.9,73
"ATLANTA 2.3 NE, GA US",8/9/2020,0,sun,68.5,1019.9,10,4,9.9,96.1,73
"ATLANTA 2.3 NE, GA US",8/10/2020,0,sun,67.9,1018.5,10,6.2,17.1,96.1,73
"ATLANTA 2.3 NE, GA US",8/11/2020,0,sun,69.4,1016.2,10,5.8,9.9,95,72
"ATLANTA 2.3 NE, GA US",8/12/2020,0.17,rain,70.5,1015.4,10,4.6,13,93.9,72
"ATLANTA 2.3 NE, GA US",8/13/2020,0,sun,70.2,1015.5,10,4.8,8.9,93.9,73.9
"ATLANTA 2.3 NE, GA US",8/14/2020,0.42,rain,70.1,1014.4,9.3,4.4,17.1,93.9,72
"ATLANTA 2.3 NE, GA US",8/15/2020,0,sun,71,1012,8.6,5.2,13,89.1,72
"ATLANTA 2.3 NE, GA US",8/16/2020,0.81,rain,67.6,1012.7,10,7,13,91.9,72
"ATLANTA 2.3 NE, GA US",8/17/2020,0.01,drizzle,68,1014.3,10,5.4,11.1,91.9,72
"ATLANTA 2.3 NE, GA US",8/18/2020,0.01,drizzle,62.7,1013.5,10,6.2,11.1,91.9,70
"ATLANTA 2.3 NE, GA US",8/19/2020,1.43,rain,67,1011.7,10,5.2,19,91.9,70
"ATLANTA 2.3 NE, GA US",8/20/2020,0,sun,67,1013.1,9,7.4,18.1,88,69.1
"ATLANTA 2.3 NE, GA US",8/21/2020,0.14,rain,67.6,1012.6,8.5,6.1,15.9,84,69.1
"ATLANTA 2.3 NE, GA US",8/22/2020,1.13,rain,67.2,1014.1,9,4,8.9,84.9,69.8
"ATLANTA 2.3 NE, GA US",8/23/2020,0.13,rain,68.9,1017.8,10,3.8,9.9,86,70
"ATLANTA 2.3 NE, GA US",8/24/2020,0.04,rain,71.1,1019.2,8.4,6.7,12,86,72
"ATLANTA 2.3 NE, GA US",8/25/2020,0.19,rain,71.1,1019.1,4.9,6.7,11.1,84.9,73
"ATLANTA 2.3 NE, GA US",8/26/2020,0.74,rain,72.9,1018.6,6.3,4.2,15.9,89.1,73
"ATLANTA 2.3 NE, GA US",8/27/2020,0.02,rain,71.5,1017.4,10,4.7,8.9,90,73
"ATLANTA 2.3 NE, GA US",8/28/2020,0,sun,72.9,1015.4,9.9,5.7,9.9,90,73
"ATLANTA 2.3 NE, GA US",8/29/2020,0,sun,71.6,1011.6,10,9.4,13,89.1,75
"ATLANTA 2.3 NE, GA US",8/30/2020,0,sun,72.7,1010.5,8.6,5.9,15.9,91,72
"ATLANTA 2.3 NE, GA US",8/31/2020,0.27,rain,71.5,1011.6,7.6,3.6,12,91,72
"ATLANTA 2.3 NE, GA US",9/1/2020,0.02,rain,72.8,1014.3,10,3.5,11.1,89.1,73
"ATLANTA 2.3 NE, GA US",9/2/2020,0,sun,72.5,1015.3,9.8,5.6,9.9,89.1,73.9
"ATLANTA 2.3 NE, GA US",9/3/2020,0,sun,70.4,1015.2,10,6.3,12,91,73
"ATLANTA 2.3 NE, GA US",9/4/2020,0,sun,69.7,1017.2,10,7.5,12,91.9,73
"ATLANTA 2.3 NE, GA US",9/5/2020,0,sun,64.2,1020.7,10,7.6,11.1,91.9,68
"ATLANTA 2.3 NE, GA US",9/6/2020,0,sun,57.9,1021.2,10,7.3,9.9,89.1,68
"ATLANTA 2.3 NE, GA US",9/7/2020,0,sun,56.8,1017.4,10,6.5,8.9,84.9,66
"ATLANTA 2.3 NE, GA US",9/8/2020,0,sun,60.2,1016.2,10,6.8,11.1,86,66
"ATLANTA 2.3 NE, GA US",9/9/2020,0,sun,63.8,1018.4,10,9.1,14,86,66.9
"ATLANTA 2.3 NE, GA US",9/10/2020,0,sun,70.1,1020.2,9.9,8.5,13,87.1,70
"ATLANTA 2.3 NE, GA US",9/11/2020,0.13,rain,70.9,1018.5,10,6.2,8.9,91,73.9
"ATLANTA 2.3 NE, GA US",9/12/2020,0.43,rain,71.7,1015.9,8.6,7,13,91,73.9
"ATLANTA 2.3 NE, GA US",9/13/2020,0,sun,69.8,1016.6,10,8.2,12,88,73
"ATLANTA 2.3 NE, GA US",9/14/2020,0,sun,70.1,1017.9,10,7.2,9.9,88,73
"ATLANTA 2.3 NE, GA US",9/15/2020,0.11,rain,67,1019.5,9.5,12.8,19,87.1,69.1
"ATLANTA 2.3 NE, GA US",9/16/2020,0,sun,61,1017.7,8.2,13.6,17.1,71.1,62.6
"ATLANTA 2.3 NE, GA US",9/17/2020,4.05,rain,66.1,1009.4,5.4,15.7,21,75.2,66.9
"ATLANTA 2.3 NE, GA US",9/18/2020,1.01,rain,66.2,1011.8,9.8,6.4,9.9,81,66.2
"ATLANTA 2.3 NE, GA US",9/19/2020,0,sun,58.6,1019.2,10,9.9,14,82.9,66
"ATLANTA 2.3 NE, GA US",9/20/2020,0,sun,49.1,1024.1,10,12.8,17.1,72,55
"ATLANTA 2.3 NE, GA US",9/21/2020,0,sun,46.2,1027,10,13.6,20,72,53.1
"ATLANTA 2.3 NE, GA US",9/22/2020,0,sun,48.3,1024.7,10,7.3,11.1,72,51.1
"ATLANTA 2.3 NE, GA US",9/23/2020,0,sun,53.7,1018.7,10,3.1,8,77,51.1
"ATLANTA 2.3 NE, GA US",9/24/2020,0,sun,60.2,1015.4,7.2,6.3,11.1,77,61
"ATLANTA 2.3 NE, GA US",9/25/2020,0.83,rain,66.5,1013.3,6.8,7.2,11.1,77,64
"ATLANTA 2.3 NE, GA US",9/26/2020,0.02,rain,64.6,1015.6,8.2,2.7,6,81,68
"ATLANTA 2.3 NE, GA US",9/27/2020,0,sun,66,1014.8,10,3.7,9.9,82.9,66.9
"ATLANTA 2.3 NE, GA US",9/28/2020,0.24,rain,66.6,1011.7,9.1,6.2,9.9,84,66.9
"ATLANTA 2.3 NE, GA US",9/29/2020,0.2,rain,58.7,1011.3,9.1,8.4,15,84,57.9
"ATLANTA 2.3 NE, GA US",9/30/2020,0.14,rain,49.2,1016.5,10,6.5,11.1,73,50
"ATLANTA 2.3 NE, GA US",10/1/2020,0,sun,53.4,1016.6,10,5.2,14,80.1,50
"ATLANTA 2.3 NE, GA US",10/2/2020,0,sun,43.1,1018.1,10,8.3,11.1,80.1,50
"ATLANTA 2.3 NE, GA US",10/3/2020,0,sun,43.9,1020.7,10,5.6,8.9,71.1,48.9
"ATLANTA 2.3 NE, GA US",10/4/2020,0,sun,47.5,1021.2,10,5.2,8.9,72,48.9
"ATLANTA 2.3 NE, GA US",10/5/2020,0,sun,52.3,1020.5,10,4.1,8,77,54
"ATLANTA 2.3 NE, GA US",10/6/2020,0,sun,56,1019.9,10,4.8,8.9,79,54
"ATLANTA 2.3 NE, GA US",10/7/2020,0,sun,62,1018.1,10,3.7,8.9,82.9,57
"ATLANTA 2.3 NE, GA US",10/8/2020,0,sun,56.7,1018.1,10,4,6,84.9,59
"ATLANTA 2.3 NE, GA US",10/9/2020,0,sun,62.5,1019.2,9.3,6.2,13,84.9,59
"ATLANTA 2.3 NE, GA US",10/10/2020,0,sun,66.7,1016.7,5.7,8.7,14,75.9,64.4
"ATLANTA 2.3 NE, GA US",10/11/2020,5.03,rain,68.7,1008.7,8.3,8,13,77,64.9
"ATLANTA 2.3 NE, GA US",10/12/2020,0.47,rain,67.2,1011.5,9.9,5.3,8.9,81,69.8
"ATLANTA 2.3 NE, GA US",10/13/2020,0.03,rain,62.2,1014.9,9.4,7.6,14,81,66.9
"ATLANTA 2.3 NE, GA US",10/14/2020,0.09,rain,51.9,1017.3,10,7.4,13,80.1,55
"ATLANTA 2.3 NE, GA US",10/15/2020,0,sun,61.7,1015.7,8.4,5.8,8.9,81,55
"ATLANTA 2.3 NE, GA US",10/16/2020,0,sun,52.2,1018.2,10,9,15.9,81,55.9
"ATLANTA 2.3 NE, GA US",10/17/2020,0,sun,37.8,1024.6,10,8.2,14,69.1,45
"ATLANTA 2.3 NE, GA US",10/18/2020,0,sun,45.9,1025.1,10,7.9,13,72,45
"ATLANTA 2.3 NE, GA US",10/19/2020,0,sun,53.6,1023.7,10,6.5,8.9,75.9,48.9
"ATLANTA 2.3 NE, GA US",10/20/2020,0,sun,56.7,1022.2,10,6.4,8.9,79,54
"ATLANTA 2.3 NE, GA US",10/21/2020,0,sun,61.7,1021.8,9.9,6.8,11.1,81,57
"ATLANTA 2.3 NE, GA US",10/22/2020,0,sun,63.7,1021.1,10,7.4,12,81,62.1
"ATLANTA 2.3 NE, GA US",10/23/2020,0,sun,63.6,1019.2,10,5.7,7,82,64
"ATLANTA 2.3 NE, GA US",10/24/2020,0,sun,64.2,1016.1,9.1,3.1,11.1,82,64
"ATLANTA 2.3 NE, GA US",10/25/2020,1.82,rain,64.3,1013.3,9,4.4,8,80.1,64.9
"ATLANTA 2.3 NE, GA US",10/26/2020,0,sun,64.2,1017.5,7.9,5.3,9.9,75,64
"ATLANTA 2.3 NE, GA US",10/27/2020,0,sun,63.7,1020.8,5.2,5.5,9.9,75,64
"ATLANTA 2.3 NE, GA US",10/28/2020,0.08,rain,68.3,1017.9,6.4,5.7,9.9,77,64
"ATLANTA 2.3 NE, GA US",10/29/2020,0.93,rain,67.4,1005.8,8.9,12.8,28,82,69.1
"ATLANTA 2.3 NE, GA US",10/30/2020,0.03,rain,42.3,1015.5,10,14.4,22,82,50
"ATLANTA 2.3 NE, GA US",10/31/2020,0,sun,41.1,1025.1,10,9.3,15.9,66,46.9
"ATLANTA 2.3 NE, GA US",11/1/2020,0,sun,49.9,1022.6,7.6,8.2,15.9,71.1,46.9
"ATLANTA 2.3 NE, GA US",11/2/2020,0,sun,22.2,1026,10,11.8,21,71.1,37.9
"ATLANTA 2.3 NE, GA US",11/3/2020,0,sun,27,1026.9,10,6,9.9,66,37
"ATLANTA 2.3 NE, GA US",11/4/2020,0,sun,36.9,1027.8,10,4.4,8,69.1,37
"ATLANTA 2.3 NE, GA US",11/5/2020,0,sun,43.1,1028.6,10,5.6,8,71.1,44.1
"ATLANTA 2.3 NE, GA US",11/6/2020,0,sun,50,1024.9,10,8.1,12,75,46.9
"ATLANTA 2.3 NE, GA US",11/7/2020,0,sun,58,1022.8,9.1,9.3,13,75,57
"ATLANTA 2.3 NE, GA US",11/8/2020,0,sun,61.1,1022.9,9.8,12.4,18.1,75.9,61
"ATLANTA 2.3 NE, GA US",11/9/2020,0.02,rain,61.8,1022.2,10,12.7,15.9,78.1,63
"ATLANTA 2.3 NE, GA US",11/10/2020,0,sun,64.2,1018.6,7,11.5,15,78.1,64.9
"ATLANTA 2.3 NE, GA US",11/11/2020,0.05,rain,69.5,1013.2,4.2,4.7,11.1,78.1,66.9
"ATLANTA 2.3 NE, GA US",11/12/2020,1.14,rain,64.8,1011.8,6,8,13,78.1,63
"ATLANTA 2.3 NE, GA US",11/13/2020,0.03,rain,50.8,1017.5,9.2,9.6,14,73.9,54
"ATLANTA 2.3 NE, GA US",11/14/2020,0,sun,41.9,1020.5,10,5.1,8.9,73,46.9
"ATLANTA 2.3 NE, GA US",11/15/2020,0,sun,52.3,1018.2,9.7,6.4,19,72,46.9
"ATLANTA 2.3 NE, GA US",11/16/2020,0,sun,29.4,1022.7,10,8.2,17.1,72,43
"ATLANTA 2.3 NE, GA US",11/17/2020,0,sun,26.4,1026.2,10,9.9,20,64,41
"ATLANTA 2.3 NE, GA US",11/18/2020,0,sun,22.2,1031.8,10,6,11.1,64,37.9
"ATLANTA 2.3 NE, GA US",11/19/2020,0,sun,27,1034.3,10,5.9,11.1,64,37
"ATLANTA 2.3 NE, GA US",11/20/2020,0,sun,35.5,1032.8,10,5,8,70,37
"ATLANTA 2.3 NE, GA US",11/21/2020,0,sun,48.2,1029,10,2.1,5.1,72,42.1
"ATLANTA 2.3 NE, GA US",11/22/2020,0,sun,50.5,1023.5,9.7,2.5,6,72,46.9
"ATLANTA 2.3 NE, GA US",11/23/2020,0,sun,42.6,1022,10,9.5,17.1,71.1,45
"ATLANTA 2.3 NE, GA US",11/24/2020,0,sun,32.1,1025.2,10,7.1,11.1,62.1,39.9
"ATLANTA 2.3 NE, GA US",11/25/2020,0,sun,46.2,1022.6,9.6,9,22,72,39.9
"ATLANTA 2.3 NE, GA US",11/26/2020,0.93,rain,59.3,1018.1,7.3,5.7,12,73.9,48
"ATLANTA 2.3 NE, GA US",11/27/2020,0,sun,43.1,1019.2,10,3.6,8,73.9,46
"ATLANTA 2.3 NE, GA US",11/28/2020,0.06,rain,47,1017.8,9.6,5.1,11.1,72,46
"ATLANTA 2.3 NE, GA US",11/29/2020,0,sun,49.7,1017.7,5.5,5.9,11.1,68,51.1
"ATLANTA 2.3 NE, GA US",11/30/2020,1.35,rain,43.5,1008.9,6.8,13,25.1,55.9,37
"ATLANTA 2.3 NE, GA US",12/1/2020,0.02,rain,23.2,1019,9.9,13.1,19,55.9,28.9
"ATLANTA 2.3 NE, GA US",12/2/2020,0,sun,20.6,1025.7,10,7.3,12,54,28
"ATLANTA 2.3 NE, GA US",12/3/2020,0,sun,25.5,1026.5,10,3.9,8.9,57,28
"ATLANTA 2.3 NE, GA US",12/4/2020,0,sun,40.9,1020.8,9.3,6.3,15.9,60.1,32
"ATLANTA 2.3 NE, GA US",12/5/2020,0.28,rain,35,1018.9,10,11.1,19,60.1,37
"ATLANTA 2.3 NE, GA US",12/6/2020,0,sun,36.6,1016.7,10,3.8,7,57.9,37
"ATLANTA 2.3 NE, GA US",12/7/2020,0.03,rain,39,1011.7,9.2,9.1,21,57.9,37
"ATLANTA 2.3 NE, GA US",12/8/2020,0,sun,23.8,1018,10,12.3,17.1,48.9,30.9
"ATLANTA 2.3 NE, GA US",12/9/2020,0,sun,30,1019.7,10,7.1,11.1,62.1,30
"ATLANTA 2.3 NE, GA US",12/10/2020,0,sun,37.1,1019.2,10,2.3,5.1,69.1,30
"ATLANTA 2.3 NE, GA US",12/11/2020,0,sun,39.3,1020.7,10,2.8,6,69.1,39.9
"ATLANTA 2.3 NE, GA US",12/12/2020,0,sun,46.2,1018.2,10,5.6,12,66.9,41
"ATLANTA 2.3 NE, GA US",12/13/2020,0.05,rain,52.4,1017.5,8.7,4.2,7,68,51.1
"ATLANTA 2.3 NE, GA US",12/14/2020,0.28,rain,48.5,1013.9,9.1,13.9,27,68,43
"ATLANTA 2.3 NE, GA US",12/15/2020,0.02,rain,32.1,1020.8,10,9.4,15,66,35.1
"ATLANTA 2.3 NE, GA US",12/16/2020,0.11,rain,37.7,1015.8,6.6,8.5,15.9,51.1,35.1
"ATLANTA 2.3 NE, GA US",12/17/2020,0.01,rain,32.8,1017.7,9.8,9.4,14,44.1,35.1
"ATLANTA 2.3 NE, GA US",12/18/2020,0,sun,23.8,1026.9,10,7.7,11.1,53.1,30
"ATLANTA 2.3 NE, GA US",12/19/2020,0,sun,28.3,1027.8,10,5.3,8.9,53.1,30
"ATLANTA 2.3 NE, GA US",12/20/2020,0,sun,37.4,1019.3,10,4.5,8.9,55.9,30
"ATLANTA 2.3 NE, GA US",12/21/2020,0,sun,40.6,1016.3,9.6,6.7,12,60.1,41
"ATLANTA 2.3 NE, GA US",12/22/2020,0,sun,30.8,1021.6,10,9.3,18.1,62.1,41
"ATLANTA 2.3 NE, GA US",12/23/2020,0,sun,28.8,1024,10,5.4,11.1,62.1,37
"ATLANTA 2.3 NE, GA US",12/24/2020,0.11,rain,45.9,1015.1,8.1,8.7,22.9,60.1,34
"ATLANTA 2.3 NE, GA US",12/25/2020,1.17,snow,13.2,1015.5,10,13.2,22,35.1,25
"ATLANTA 2.3 NE, GA US",12/26/2020,0,sun,9.2,1022.6,10,7.1,11.1,48,21.9
"ATLANTA 2.3 NE, GA US",12/27/2020,0,sun,21.5,1022.7,10,3.6,8,57.9,21.9
"ATLANTA 2.3 NE, GA US",12/28/2020,0,sun,32.5,1025.3,10,3.7,8.9,61,28.9
"ATLANTA 2.3 NE, GA US",12/29/2020,0,sun,40.4,1027.9,9.5,4.8,7,66,33.1
"ATLANTA 2.3 NE, GA US",12/30/2020,0,sun,42.4,1026.4,9.5,7.9,13,66,39
"ATLANTA 2.3 NE, GA US",12/31/2020,0.01,rain,45.4,1020.5,4.8,6.2,11.1,55.9,44.1
"ATLANTA 2.3 NE, GA US",1/1/2021,0.04,rain,58.7,1017.8,2.2,8.4,12,68,44.1
"ATLANTA 2.3 NE, GA US",1/2/2021,1.09,rain,55.7,1016.1,9.9,5,8.9,68,54
"ATLANTA 2.3 NE, GA US",1/3/2021,0.02,rain,40.1,1016.5,10,9.4,18.1,64,41
"ATLANTA 2.3 NE, GA US",1/4/2021,0,sun,32,1018.6,10,5.8,8.9,59,34
"ATLANTA 2.3 NE, GA US",1/5/2021,0,sun,36,1016.1,10,8.6,15.9,59,34
"ATLANTA 2.3 NE, GA US",1/6/2021,0,sun,28.7,1021.3,10,5.3,11.1,57.9,32
"ATLANTA 2.3 NE, GA US",1/7/2021,0.55,rain,30.1,1020.1,9.6,7,19,55.9,32
"ATLANTA 2.3 NE, GA US",1/8/2021,0.35,rain,37,1013.7,6.8,9.9,18.1,46,36
"ATLANTA 2.3 NE, GA US",1/9/2021,0.05,rain,29.7,1019.4,10,14,18.1,42.1,35.1
"ATLANTA 2.3 NE, GA US",1/10/2021,0,sun,25.3,1025,10,6.3,12,48,28
"ATLANTA 2.3 NE, GA US",1/11/2021,0,sun,34.2,1024.4,8.7,4.8,9.9,48,28
"ATLANTA 2.3 NE, GA US",1/12/2021,0.44,rain,37.9,1023.5,5.7,8.1,12,45,39.9
"ATLANTA 2.3 NE, GA US",1/13/2021,0,sun,28.6,1021.1,8.3,7.2,9.9,50,30
"ATLANTA 2.3 NE, GA US",1/14/2021,0,sun,28.3,1014.9,10,6,11.1,57,30
"ATLANTA 2.3 NE, GA US",1/15/2021,0,sun,30.6,1008,10,7.9,15,57,30
"ATLANTA 2.3 NE, GA US",1/16/2021,0,sun,19.4,1009.4,10,9.8,17.1,55.9,32
"ATLANTA 2.3 NE, GA US",1/17/2021,0,sun,25.1,1014.6,10,5.2,11.1,51.1,32
"ATLANTA 2.3 NE, GA US",1/18/2021,0,sun,25,1016.7,10,8.3,15.9,55,32
"ATLANTA 2.3 NE, GA US",1/19/2021,0,sun,24.7,1025.3,10,4.4,13,60.1,34
"ATLANTA 2.3 NE, GA US",1/20/2021,0,sun,34.4,1025,10,9.4,14,60.1,34
"ATLANTA 2.3 NE, GA US",1/21/2021,0.03,rain,37.6,1018.2,8.3,6.8,11.1,55.9,42.1
"ATLANTA 2.3 NE, GA US",1/22/2021,0.11,rain,42,1014.8,9.5,5.9,9.9,59,42.1
"ATLANTA 2.3 NE, GA US",1/23/2021,0.01,rain,27.2,1020,10,6.1,9.9,63,35.1
"ATLANTA 2.3 NE, GA US",1/24/2021,0.04,rain,31.2,1022.5,10,5.7,8.9,63,35.1
"ATLANTA 2.3 NE, GA US",1/25/2021,0.84,rain,47.4,1015.7,8.3,5.6,8,64.9,39
"ATLANTA 2.3 NE, GA US",1/26/2021,0.81,rain,56.8,1011.2,9.5,8.4,15.9,69.1,48
"ATLANTA 2.3 NE, GA US",1/27/2021,0.75,rain,50.7,1015.4,8.9,5,18.1,69.1,51.1
"ATLANTA 2.3 NE, GA US",1/28/2021,0.2,rain,29.2,1025.8,9.7,16.3,21,60.1,36
"ATLANTA 2.3 NE, GA US",1/29/2021,0,sun,18.5,1028,10,7.8,13,53.1,28.9
"ATLANTA 2.3 NE, GA US",1/30/2021,0,sun,27.2,1024.6,10,5.1,9.9,53.1,28.9
"ATLANTA 2.3 NE, GA US",1/31/2021,0.25,rain,37.1,1015.3,5.3,8.2,14,52,33.1
"ATLANTA 2.3 NE, GA US",2/1/2021,0.18,rain,33.4,1012.3,7.8,15.1,22.9,46.9,36
"ATLANTA 2.3 NE, GA US",2/2/2021,0,sun,21.1,1015.4,10,17.1,21,46.9,33.1
"ATLANTA 2.3 NE, GA US",2/3/2021,0,sun,18.7,1017.7,10,12,15,51.1,28.9
"ATLANTA 2.3 NE, GA US",2/4/2021,0,sun,21.1,1017.6,10,4.5,8.9,54,28.9
"ATLANTA 2.3 NE, GA US",2/5/2021,0.1,drizzle,33.2,1011.7,9.6,9.6,14,55,46
"ATLANTA 2.3 NE, GA US",2/6/2021,0,sun,23,1017.3,9.4,6.4,15,55,36
"ATLANTA 2.3 NE, GA US",2/7/2021,0,sun,35.4,1015.2,8.2,10.1,15,53.1,36
"ATLANTA 2.3 NE, GA US",2/8/2021,0,sun,33.3,1022.9,10,5.9,9.9,60.1,34
"ATLANTA 2.3 NE, GA US",2/9/2021,0.01,rain,46,1021.1,8.9,4.2,7,64.9,50
"ATLANTA 2.3 NE, GA US",2/10/2021,0,sun,48,1020.8,10,2.5,8,69.1,46
"ATLANTA 2.3 NE, GA US",2/11/2021,0,sun,55.2,1017.4,5.1,2.8,6,69.1,46
"ATLANTA 2.3 NE, GA US",2/12/2021,0.59,rain,51.3,1016.3,3.6,5.6,15.9,61,43
"ATLANTA 2.3 NE, GA US",2/13/2021,0.43,rain,39.1,1016.4,3.9,8.9,13,45,39.9
"ATLANTA 2.3 NE, GA US",2/14/2021,0.09,rain,41.1,1016.8,6.7,7.5,9.9,48,39
"ATLANTA 2.3 NE, GA US",2/15/2021,0.04,rain,42.3,1015.4,1.8,9.5,15,48,43
"ATLANTA 2.3 NE, GA US",2/16/2021,0.71,rain,30.6,1014.4,8.4,9.4,14,50,26.1
"ATLANTA 2.3 NE, GA US",2/17/2021,0.02,rain,19.1,1022.1,10,7.1,11.1,53.1,23
"ATLANTA 2.3 NE, GA US",2/18/2021,0.76,rain,37.1,1018.1,6,9.1,13,50,39
"ATLANTA 2.3 NE, GA US",2/19/2021,0.09,rain,35.2,1020.3,6.3,11,17.1,48.9,36
"ATLANTA 2.3 NE, GA US",2/20/2021,0.04,rain,19.7,1027.5,10,8.5,13,53.1,28
"ATLANTA 2.3 NE, GA US",2/21/2021,0,sun,22.1,1029.4,10,6.2,13,61,34
"ATLANTA 2.3 NE, GA US",2/22/2021,0,sun,43.1,1020.7,9.2,8.9,15,64.9,33.1
"ATLANTA 2.3 NE, GA US",2/23/2021,0,sun,28.3,1018.1,10,8.6,13,71.1,39.9
"ATLANTA 2.3 NE, GA US",2/24/2021,0,sun,31,1019.2,10,5.3,14,73,39.9
"ATLANTA 2.3 NE, GA US",2/25/2021,0,sun,36.1,1019.8,10,6.3,9.9,75,42.1
"ATLANTA 2.3 NE, GA US",2/26/2021,0.11,rain,41.4,1020.4,8.6,7.4,15,75,51.1
"ATLANTA 2.3 NE, GA US",2/27/2021,0.12,rain,49.3,1021.5,5.2,6.5,11.1,69.1,46.9
"ATLANTA 2.3 NE, GA US",2/28/2021,0,sun,56.2,1020.1,8.2,7.3,15,79,46.9
"ATLANTA 2.3 NE, GA US",3/1/2021,0,sun,57.1,1016.2,9.7,8.7,18.1,79,53.1
"ATLANTA 2.3 NE, GA US",3/2/2021,0,sun,31.8,1021.6,10,9.6,15,53.1,44.1
"ATLANTA 2.3 NE, GA US",3/3/2021,0.31,rain,34.3,1018,9.2,9.6,13,64.9,39
"ATLANTA 2.3 NE, GA US",3/4/2021,0,sun,29.5,1017.8,10,9.4,15,70,39
"ATLANTA 2.3 NE, GA US",3/5/2021,0,sun,27.1,1017.7,10,7.7,13,70,42.1
"ATLANTA 2.3 NE, GA US",3/6/2021,0,sun,22.4,1020.3,10,8.6,14,66.9,42.1
"ATLANTA 2.3 NE, GA US",3/7/2021,0,sun,19.9,1025.8,10,6.6,11.1,61,35.1
"ATLANTA 2.3 NE, GA US",3/8/2021,0,sun,21.1,1032,10,4.6,13,70,35.1
"ATLANTA 2.3 NE, GA US",3/9/2021,0,sun,24.7,1032.7,9.7,4.3,8.9,70,37
"ATLANTA 2.3 NE, GA US",3/10/2021,0,sun,32.2,1030.1,9.7,4.5,12,73.9,39.9
"ATLANTA 2.3 NE, GA US",3/11/2021,0,sun,42.1,1028.6,10,5.1,8.9,73.9,46
"ATLANTA 2.3 NE, GA US",3/12/2021,0,sun,46.4,1027.1,9.7,4.4,9.9,79,52
"ATLANTA 2.3 NE, GA US",3/13/2021,0,sun,51.5,1024.3,10,4.5,8,80.1,52
"ATLANTA 2.3 NE, GA US",3/14/2021,0,sun,50.5,1020.7,10,5.4,9.9,81,55.9
"ATLANTA 2.3 NE, GA US",3/15/2021,0,sun,50.7,1018.7,9.8,8.9,15.9,81,55.9
"ATLANTA 2.3 NE, GA US",3/16/2021,0.06,rain,49.7,1017.4,4.9,9.9,15.9,70,46.9
"ATLANTA 2.3 NE, GA US",3/17/2021,0.42,rain,50.6,1016.4,1,6.1,12,63,46.9
"ATLANTA 2.3 NE, GA US",3/18/2021,0.67,rain,55.5,1008.8,6.1,11.3,22,73.9,48.9
"ATLANTA 2.3 NE, GA US",3/19/2021,0.59,rain,40.1,1014.6,10,11.6,20,73.9,45
"ATLANTA 2.3 NE, GA US",3/20/2021,0,sun,28.4,1026.6,10,13.8,20,60.1,41
"ATLANTA 2.3 NE, GA US",3/21/2021,0,sun,33.9,1026.2,10,11.6,15,66.9,41
"ATLANTA 2.3 NE, GA US",3/22/2021,0,sun,41,1022.1,10,9.8,17.1,71.1,46.9
"ATLANTA 2.3 NE, GA US",3/23/2021,0,sun,45.5,1017.7,10,7.9,12,71.1,52
"ATLANTA 2.3 NE, GA US",3/24/2021,0,sun,54,1014.6,9.9,6.2,19,75,55.9
"ATLANTA 2.3 NE, GA US",3/25/2021,0.15,rain,59.1,1013.9,9.6,8.2,15.9,77,60.1
"ATLANTA 2.3 NE, GA US",3/26/2021,1.43,rain,60,1015.9,9.2,7.4,20,77,62.1
"ATLANTA 2.3 NE, GA US",3/27/2021,0,sun,62,1018.8,8.8,6,14,82,64
"ATLANTA 2.3 NE, GA US",3/28/2021,0,sun,58.9,1014.7,9.9,9.7,17.1,82,61
"ATLANTA 2.3 NE, GA US",3/29/2021,0.19,rain,30.3,1021.6,10,7.8,18.1,73,41
"ATLANTA 2.3 NE, GA US",3/30/2021,0,sun,44.6,1022.5,10,6.2,12,75,41
"ATLANTA 2.3 NE, GA US",3/31/2021,0.19,rain,60,1018.5,8.5,6.3,12,75,48.9
"ATLANTA 2.3 NE, GA US",4/1/2021,,sun,27.1,1022.6,9.9,17.3,24.1,71.1,39.9
"ATLANTA 2.3 NE, GA US",4/2/2021,0,sun,18.3,1028.1,10,9.8,17.1,57,33.1
"ATLANTA 2.3 NE, GA US",4/3/2021,0,sun,22.9,1029.8,10,3.6,8.9,64,33.1
"ATLANTA 2.3 NE, GA US",4/4/2021,0,sun,29,1026.5,10,4.1,8,73,35.1
"ATLANTA 2.3 NE, GA US",4/5/2021,0,sun,33.2,1021.1,10,4.8,7,78.1,39.9
"ATLANTA 2.3 NE, GA US",4/6/2021,0,sun,38.5,1018.5,10,5.4,9.9,80.1,48.9
"ATLANTA 2.3 NE, GA US",4/7/2021,0,sun,47.3,1017,10,4.7,9.9,81,51.1
"ATLANTA 2.3 NE, GA US",4/8/2021,0,sun,54.4,1012.2,10,7.3,15.9,81,57
"ATLANTA 2.3 NE, GA US",4/9/2021,0,sun,59.2,1012.9,9.8,7.3,14,78.1,61
"ATLANTA 2.3 NE, GA US",4/10/2021,0,sun,58.9,1009.3,7.8,7.6,13,75.9,62.1
"ATLANTA 2.3 NE, GA US",4/11/2021,0.28,rain,51.7,1005.1,10,6.1,9.9,75,57
"ATLANTA 2.3 NE, GA US",4/12/2021,0,sun,41.8,1008.8,10,9.5,18.1,82.9,52
"ATLANTA 2.3 NE, GA US",4/13/2021,0,sun,44.5,1015.7,10,5,8.9,86,52
"ATLANTA 2.3 NE, GA US",4/14/2021,0,sun,46.9,1016.9,10,5.1,19,86,57.9
"ATLANTA 2.3 NE, GA US",4/15/2021,0.03,rain,52.2,1012.9,9.7,8.8,15,81,57.9
"ATLANTA 2.3 NE, GA US",4/16/2021,0,sun,36.2,1012.2,10,7,13,71.1,50
"ATLANTA 2.3 NE, GA US",4/17/2021,0,sun,43.3,1010.8,10,4.5,11.1,72,50
"ATLANTA 2.3 NE, GA US",4/18/2021,0,sun,41.9,1011.9,10,6.3,11.1,73,52
"ATLANTA 2.3 NE, GA US",4/19/2021,0,sun,41.1,1012.9,10,9.3,15.9,73,50
"ATLANTA 2.3 NE, GA US",4/20/2021,0,sun,41.7,1015,9.9,3.8,8.9,75,50
"ATLANTA 2.3 NE, GA US",4/21/2021,0,sun,39,1014.9,10,11.6,22,75,52
"ATLANTA 2.3 NE, GA US",4/22/2021,0,sun,24.8,1022.1,10,8.3,14,64,37.9
"ATLANTA 2.3 NE, GA US",4/23/2021,0,sun,33.8,1021.4,10,4.6,8,70,37.9
"ATLANTA 2.3 NE, GA US",4/24/2021,0.13,rain,49.5,1012.6,7.6,7.4,24.1,78.1,45
"ATLANTA 2.3 NE, GA US",4/25/2021,2.02,rain,51.1,1011.8,9.5,12.4,17.1,78.1,54
"ATLANTA 2.3 NE, GA US",4/26/2021,0,sun,47,1018.2,10,7,12,78.1,52
"ATLANTA 2.3 NE, GA US",4/27/2021,0,sun,55.3,1020,10,5.4,8.9,81,52
"ATLANTA 2.3 NE, GA US",4/28/2021,0,sun,58.9,1018.8,10,5.5,12,82,59
"ATLANTA 2.3 NE, GA US",4/29/2021,0,sun,60.1,1016,10,7,13,82,64.9
"ATLANTA 2.3 NE, GA US",4/30/2021,0.02,rain,56.7,1016.3,9.7,10,15,78.1,64
"ATLANTA 2.3 NE, GA US",5/1/2021,0,sun,45.1,1017.6,10,7,9.9,78.1,55
"ATLANTA 2.3 NE, GA US",5/2/2021,0,sun,53.9,1014.6,10,5.7,12,81,55
"ATLANTA 2.3 NE, GA US",5/3/2021,0,sun,64.1,1010.5,8.7,6.6,15.9,81,62.1
"ATLANTA 2.3 NE, GA US",5/4/2021,2.09,rain,63.6,1012.5,9.2,8.1,19,79,64
"ATLANTA 2.3 NE, GA US",5/5/2021,1.81,rain,60.9,1013.9,8.9,8.8,13,78.1,62.1
"ATLANTA 2.3 NE, GA US",5/6/2021,0,sun,47.2,1017.1,10,10.3,15,78.1,51.1
"ATLANTA 2.3 NE, GA US",5/7/2021,0,sun,40.6,1017.3,10,11.6,22,72,50
"ATLANTA 2.3 NE, GA US",5/8/2021,0,sun,39.8,1019.1,10,6.2,12,77,50
"ATLANTA 2.3 NE, GA US",5/9/2021,0,sun,49.1,1016.7,10,7.4,18.1,82.9,51.1
"ATLANTA 2.3 NE, GA US",5/10/2021,0.62,rain,60,1014.7,9,7.5,19,82.9,55.9
"ATLANTA 2.3 NE, GA US",5/11/2021,0.02,rain,60.6,1017.5,10,5.8,9.9,78.1,63
"ATLANTA 2.3 NE, GA US",5/12/2021,0.19,rain,55.1,1018.9,7.7,8.6,18.1,78.1,53.1
"ATLANTA 2.3 NE, GA US",5/13/2021,0,sun,41.6,1023.9,10,7.9,13,70,48
"ATLANTA 2.3 NE, GA US",5/14/2021,0,sun,42.8,1023.8,10,3,8,73.9,48
"ATLANTA 2.3 NE, GA US",5/15/2021,0,sun,45.5,1023.7,10,2.7,8,75.9,52
"ATLANTA 2.3 NE, GA US",5/16/2021,0,sun,47.5,1023.1,10,3.9,8.9,79,53.1
"ATLANTA 2.3 NE, GA US",5/17/2021,0,sun,50.9,1022.1,10,5.3,11.1,79,55.9
"ATLANTA 2.3 NE, GA US",5/18/2021,0,sun,56.4,1022.7,10,8.2,13,79,59
"ATLANTA 2.3 NE, GA US",5/19/2021,0,sun,57.6,1024.2,10,10.3,15,81,63
"ATLANTA 2.3 NE, GA US",5/20/2021,0,sun,57,1026,10,9.4,15.9,81,62.1
"ATLANTA 2.3 NE, GA US",5/21/2021,0,sun,53.6,1028.3,10,7.5,12,84,59
"ATLANTA 2.3 NE, GA US",5/22/2021,0,sun,54.8,1028.2,10,5.8,11.1,84,59
"ATLANTA 2.3 NE, GA US",5/23/2021,0,sun,55.3,1023.5,10,4.7,11.1,90,64
"ATLANTA 2.3 NE, GA US",5/24/2021,0,sun,57.4,1020.6,10,5.6,8.9,91,64.9
"ATLANTA 2.3 NE, GA US",5/25/2021,0,sun,60.8,1020.8,9.9,4.2,8.9,91,66.9
"ATLANTA 2.3 NE, GA US",5/26/2021,0,sun,59,1020.9,10,5.4,12,91,69.1
"ATLANTA 2.3 NE, GA US",5/27/2021,0,sun,60.2,1018.2,10,6.3,11.1,88,69.1
"ATLANTA 2.3 NE, GA US",5/28/2021,0.01,drizzle,67.2,1014,10,7.8,13,87.1,69.1
"ATLANTA 2.3 NE, GA US",5/29/2021,0.07,rain,59.9,1011.5,9,9.6,20,84,64.9
"ATLANTA 2.3 NE, GA US",5/30/2021,0,sun,49.9,1017.5,10,9,15.9,77,54
"ATLANTA 2.3 NE, GA US",5/31/2021,0,sun,52.1,1023.7,10,6.7,11.1,80.1,54
"ATLANTA 2.3 NE, GA US",6/1/2021,0,sun,54.2,1023.5,10,6.1,8.9,82,59
"ATLANTA 2.3 NE, GA US",6/2/2021,0,sun,58.2,1019.3,10,6.2,9.9,82,61
"ATLANTA 2.3 NE, GA US",6/3/2021,0,sun,60.6,1016.2,10,6.7,12,87.1,64
"ATLANTA 2.3 NE, GA US",6/4/2021,0,sun,64.2,1016.5,10,3.7,8,87.1,68
"ATLANTA 2.3 NE, GA US",6/5/2021,0,sun,66.9,1017.1,9.4,3.7,13,87.1,68
"ATLANTA 2.3 NE, GA US",6/6/2021,0.11,rain,68.8,1017.6,9.9,3.4,8.9,87.1,72
"ATLANTA 2.3 NE, GA US",6/7/2021,0.29,rain,69.2,1018.2,9.5,6.5,9.9,87.1,71.1
"ATLANTA 2.3 NE, GA US",6/8/2021,0.35,rain,69.6,1020.1,9.7,6,19,87.1,71.1
"ATLANTA 2.3 NE, GA US",6/9/2021,0.18,rain,68.1,1019.9,9.5,5.5,19,87.1,70
"ATLANTA 2.3 NE, GA US",6/10/2021,0.08,rain,68.5,1016.3,9.5,5.8,18.1,82.9,69.8
"ATLANTA 2.3 NE, GA US",6/11/2021,0.08,rain,70.1,1012.9,9.3,6.4,17.1,84.9,70
"ATLANTA 2.3 NE, GA US",6/12/2021,0.54,rain,70.1,1009.9,9.2,8.9,15,89.1,72
"ATLANTA 2.3 NE, GA US",6/13/2021,0,sun,67.4,1011.1,10,6.1,12,89.1,71.1
"ATLANTA 2.3 NE, GA US",6/14/2021,0,sun,68.6,1012.1,10,3.9,11.1,91.9,71.1
"ATLANTA 2.3 NE, GA US",6/15/2021,0.03,rain,64.1,1012,10,8.8,15.9,91.9,71.1
"ATLANTA 2.3 NE, GA US",6/16/2021,0,sun,54.7,1014.4,10,7,12,90,64
"ATLANTA 2.3 NE, GA US",6/17/2021,0,sun,54.2,1016.1,10,5.9,11.1,89.1,64
"ATLANTA 2.3 NE, GA US",6/18/2021,0,sun,59,1017.4,10,4.1,9.9,90,64.9
"ATLANTA 2.3 NE, GA US",6/19/2021,0,sun,66.7,1016.8,8.5,5.8,13,90,69.1
"ATLANTA 2.3 NE, GA US",6/20/2021,1.99,rain,69.5,1010.3,6.7,9.3,19,82.9,69.8
"ATLANTA 2.3 NE, GA US",6/21/2021,0.06,rain,70.7,1012.5,9.9,8.3,22,86,70
"ATLANTA 2.3 NE, GA US",6/22/2021,0.3,rain,67.6,1013,9.1,7.7,15.9,86,70
"ATLANTA 2.3 NE, GA US",6/23/2021,0.11,rain,58.7,1017.8,10,4.5,11.1,84,62.1
"ATLANTA 2.3 NE, GA US",6/24/2021,0,sun,63.6,1021.4,10,8.9,12,84,62.1
"ATLANTA 2.3 NE, GA US",6/25/2021,0,sun,62.7,1022.3,10,6.1,8,82.9,66
"ATLANTA 2.3 NE, GA US",6/26/2021,0,sun,63,1020.8,10,6.2,15.9,86,66
"ATLANTA 2.3 NE, GA US",6/27/2021,0,sun,69.6,1020.4,9.6,5.3,8.9,87.1,66.9
"ATLANTA 2.3 NE, GA US",6/28/2021,0.07,rain,67.9,1021.5,10,5.2,9.9,89.1,72
"ATLANTA 2.3 NE, GA US",6/29/2021,0.13,rain,67.7,1021.7,9.6,7.6,17.1,89.1,73
"ATLANTA 2.3 NE, GA US",6/30/2021,0,sun,67.9,1021.6,9.9,4.5,8,89.1,71.1
"ATLANTA 2.3 NE, GA US",7/1/2021,0,sun,67.3,1017.6,10,5.7,11.1,89.1,70
"ATLANTA 2.3 NE, GA US",7/2/2021,0,sun,70.4,1012.2,8.9,6.1,9.9,87.1,70
"ATLANTA 2.3 NE, GA US",7/3/2021,0.23,rain,63.4,1012.3,10,6,9.9,84,66.9
"ATLANTA 2.3 NE, GA US",7/4/2021,0,sun,59.2,1014.9,10,3.8,8.9,87.1,64.9
"ATLANTA 2.3 NE, GA US",7/5/2021,0,sun,62.2,1016.8,7.4,4.1,8,88,64.9
"ATLANTA 2.3 NE, GA US",7/6/2021,0,sun,65.4,1018.8,10,6.1,9.9,88,69.1
"ATLANTA 2.3 NE, GA US",7/7/2021,0.24,rain,68.3,1017.4,9.6,6,15,86,71.1
"ATLANTA 2.3 NE, GA US",7/8/2021,0.3,rain,69,1014.6,9.9,5.9,11.1,86,71.1
"ATLANTA 2.3 NE, GA US",7/9/2021,0.43,rain,70.5,1017.5,9.5,8.4,22.9,89.1,71.1
"ATLANTA 2.3 NE, GA US",7/10/2021,0.6,rain,69.9,1018.6,9.8,6,11.1,89.1,71.1
"ATLANTA 2.3 NE, GA US",7/11/2021,0.34,rain,69.7,1017.2,9.5,6.5,13,88,71.1
"ATLANTA 2.3 NE, GA US",7/12/2021,0.01,rain,69.1,1020.3,9.3,5.1,20,86,71.1
"ATLANTA 2.3 NE, GA US",7/13/2021,0.02,rain,67.5,1023.7,7,5.1,20,84,69.1
"ATLANTA 2.3 NE, GA US",7/14/2021,0,sun,69,1024.1,10,3.6,9.9,88,69.1
"ATLANTA 2.3 NE, GA US",7/15/2021,0,sun,68.7,1022.2,10,4.4,9.9,90,71.1
"ATLANTA 2.3 NE, GA US",7/16/2021,0,sun,69.9,1019.7,10,5.1,8,90,72
"ATLANTA 2.3 NE, GA US",7/17/2021,0.55,rain,69,1020.1,10,5,13,89.1,71.1
"ATLANTA 2.3 NE, GA US",7/18/2021,0.08,rain,68,1020.4,10,3.9,12,88,71.1
"ATLANTA 2.3 NE, GA US",7/19/2021,0.13,rain,70.4,1017.7,8.9,4.5,9.9,81,71.6
"ATLANTA 2.3 NE, GA US",7/20/2021,0.76,rain,70.3,1014.8,7.9,4.2,12,82.9,71.1
"ATLANTA 2.3 NE, GA US",7/21/2021,0.21,rain,69.6,1016.3,10,4.3,7,88,71.1
"ATLANTA 2.3 NE, GA US",7/22/2021,0.05,rain,70.1,1018.7,9.5,5.3,11.1,90,72
"ATLANTA 2.3 NE, GA US",7/23/2021,0,sun,70.1,1018.8,6.7,4.3,9.9,91,72
"ATLANTA 2.3 NE, GA US",7/24/2021,0.91,rain,71.3,1017.9,8.2,2.5,7,91,73
"ATLANTA 2.3 NE, GA US",7/25/2021,0.02,rain,71.5,1016.2,8,4.4,8.9,90,73
"ATLANTA 2.3 NE, GA US",7/26/2021,0.68,rain,72.4,1014.7,9,4.2,8.9,93,75
"ATLANTA 2.3 NE, GA US",7/27/2021,0.06,rain,71.4,1015.3,10,4.7,12,93,73.9
"ATLANTA 2.3 NE, GA US",7/28/2021,0.2,rain,71,1015.6,9.4,5.1,11.1,95,73
"ATLANTA 2.3 NE, GA US",7/29/2021,0,sun,72.2,1016,9.7,4.4,9.9,95,73
"ATLANTA 2.3 NE, GA US",7/30/2021,0,sun,71.8,1015.4,9.2,7,11.1,93.9,75
"ATLANTA 2.3 NE, GA US",7/31/2021,0,sun,71.2,1014.9,10,6.8,12,93,75
"ATLANTA 2.3 NE, GA US",8/1/2021,0.61,rain,70.9,1014,10,8.9,15,93,73.9
"ATLANTA 2.3 NE, GA US",8/2/2021,0,sun,64.8,1015,9.1,6.7,9.9,90,72
"ATLANTA 2.3 NE, GA US",8/3/2021,0.03,rain,67.3,1014.6,8.3,6.7,21,82.9,70
"ATLANTA 2.3 NE, GA US",8/4/2021,0.1,rain,65.4,1015.7,9.5,6.4,11.1,84,69.8
"ATLANTA 2.3 NE, GA US",8/5/2021,0,sun,64.2,1018.3,9.9,7,12,86,69.1
"ATLANTA 2.3 NE, GA US",8/6/2021,0,sun,65,1019.4,10,5.5,11.1,86,69.1
"ATLANTA 2.3 NE, GA US",8/7/2021,0,sun,67.2,1018.4,10,4.5,12,88,71.1
"ATLANTA 2.3 NE, GA US",8/8/2021,0.02,rain,66.6,1018.2,10,2.1,7,89.1,69.1
"ATLANTA 2.3 NE, GA US",8/9/2021,0,sun,69.7,1019.3,9.6,3.2,11.1,89.1,69.1
"ATLANTA 2.3 NE, GA US",8/10/2021,0,sun,71,1021,9.7,3.6,8.9,91,73
"ATLANTA 2.3 NE, GA US",8/11/2021,0,sun,70.1,1020.7,10,4.6,9.9,91,73
"ATLANTA 2.3 NE, GA US",8/12/2021,0.32,rain,69.7,1020.5,10,3.8,7,91,72
"ATLANTA 2.3 NE, GA US",8/13/2021,0.09,rain,69.1,1020.2,9.7,4.1,19,91.9,72
"ATLANTA 2.3 NE, GA US",8/14/2021,0.03,rain,70.1,1019.7,9.9,3.8,21,93.9,72
"ATLANTA 2.3 NE, GA US",8/15/2021,0,sun,69.4,1018.6,9,5.7,12,93.9,72
"ATLANTA 2.3 NE, GA US",8/16/2021,0,sun,70.5,1016.8,9.4,6.7,20,87.1,72
"ATLANTA 2.3 NE, GA US",8/17/2021,1.26,rain,70.8,1013,6.2,11.9,18.1,78.1,71.6
"ATLANTA 2.3 NE, GA US",8/18/2021,1.27,rain,68.8,1018.6,10,1.9,8.9,91.9,70
"ATLANTA 2.3 NE, GA US",8/19/2021,0,sun,72,1019.3,10,5.1,25.1,91.9,70
"ATLANTA 2.3 NE, GA US",8/20/2021,0.12,rain,70.7,1014.9,10,6.2,11.1,91,72
"ATLANTA 2.3 NE, GA US",8/21/2021,0.03,rain,72,1012.6,9.1,6.5,8.9,89.1,72
"ATLANTA 2.3 NE, GA US",8/22/2021,0.13,rain,72.6,1013.1,9.4,7.8,20,86,73.4
"ATLANTA 2.3 NE, GA US",8/23/2021,0.03,rain,71.6,1013.9,9.6,4.8,9.9,91,73.4
"ATLANTA 2.3 NE, GA US",8/24/2021,0,sun,70,1015.9,10,3.7,8.9,93,73.9
"ATLANTA 2.3 NE, GA US",8/25/2021,0,sun,71.6,1017.7,9.7,3.8,8.9,93,77
"ATLANTA 2.3 NE, GA US",8/26/2021,0.22,rain,70.1,1020,7.6,4.7,15,88,71.6
"ATLANTA 2.3 NE, GA US",8/27/2021,0,sun,70.3,1019.5,9.9,6.2,11.1,90,72
"ATLANTA 2.3 NE, GA US",8/28/2021,0,sun,70.5,1020.8,9.3,6.9,9.9,90,73.9
"ATLANTA 2.3 NE, GA US",8/29/2021,0,sun,71.2,1020.4,9.5,6.7,11.1,89.1,75
"ATLANTA 2.3 NE, GA US",8/30/2021,0,sun,71.3,1016.5,9.1,5.9,13,89.1,73.9
"ATLANTA 2.3 NE, GA US",8/31/2021,0.07,rain,70.9,1008.3,8.9,9.4,17.1,86,73
"ATLANTA 2.3 NE, GA US",9/1/2021,0.52,rain,68.2,1006.4,9,10.8,15.9,86,71.1
"ATLANTA 2.3 NE, GA US",9/2/2021,0.02,rain,65.3,1011.3,10,6.1,11.1,86,70
"ATLANTA 2.3 NE, GA US",9/3/2021,0,sun,59.4,1016.7,10,6.2,9.9,86,66
"ATLANTA 2.3 NE, GA US",9/4/2021,0,sun,56.8,1017.3,10,2.5,6,84,64
"ATLANTA 2.3 NE, GA US",9/5/2021,0,sun,59.9,1015,10,3.7,7,86,61
"ATLANTA 2.3 NE, GA US",9/6/2021,0,sun,69.5,1013.5,9.5,5.6,8,86,61
"ATLANTA 2.3 NE, GA US",9/7/2021,0.02,rain,69.9,1014.1,8.5,3.3,7,84.9,71.1
"ATLANTA 2.3 NE, GA US",9/8/2021,0.35,rain,70.9,1012.5,9,5.6,13,84.9,71.1
"ATLANTA 2.3 NE, GA US",9/9/2021,0.15,rain,63.9,1011.5,10,8.6,15.9,84,71.1
"ATLANTA 2.3 NE, GA US",9/10/2021,0.01,rain,54.7,1016.9,10,5.6,9.9,84,61
"ATLANTA 2.3 NE, GA US",9/11/2021,0,sun,58.1,1021.3,10,4.4,7,84,61
"ATLANTA 2.3 NE, GA US",9/12/2021,0,sun,62.4,1024.2,10,2.5,7,84.9,64.9
"ATLANTA 2.3 NE, GA US",9/13/2021,0,sun,63.9,1022.8,9.9,3.2,8.9,88,64.9
"ATLANTA 2.3 NE, GA US",9/14/2021,0,sun,66.2,1018,10,2.8,8.9,88,68
"ATLANTA 2.3 NE, GA US",9/15/2021,0,sun,67.9,1015.5,9,3.6,6,87.1,70
"ATLANTA 2.3 NE, GA US",9/16/2021,0.42,rain,67.9,1016.3,4.5,8.1,12,79,69.1
"ATLANTA 2.3 NE, GA US",9/17/2021,0.12,rain,69.6,1019.1,8.1,6.5,9.9,77,69.1
"ATLANTA 2.3 NE, GA US",9/18/2021,0.04,rain,69.8,1019,9.7,5.2,9.9,84,71.1
"ATLANTA 2.3 NE, GA US",9/19/2021,0.16,rain,71.5,1017.7,8.6,5.3,11.1,80.1,71.6
"ATLANTA 2.3 NE, GA US",9/20/2021,0.4,rain,70.2,1017.1,6.7,7.9,14,81,72
"ATLANTA 2.3 NE, GA US",9/21/2021,0.61,rain,70.2,1017.1,5.5,5.2,13,84.9,71.1
"ATLANTA 2.3 NE, GA US",9/22/2021,0.02,rain,66.6,1014.5,7.7,7.6,17.1,84.9,66
"ATLANTA 2.3 NE, GA US",9/23/2021,0.1,drizzle,48.7,1015.8,10,10.4,14,77,53.1
"ATLANTA 2.3 NE, GA US",9/24/2021,0,sun,48.3,1018.4,10,6.6,11.1,75.9,53.1
"ATLANTA 2.3 NE, GA US",9/25/2021,0,sun,53.4,1018.7,10,3.4,8.9,78.1,53.1
"ATLANTA 2.3 NE, GA US",9/26/2021,0,sun,54.2,1019.4,10,5,11.1,81,57
"ATLANTA 2.3 NE, GA US",9/27/2021,0,sun,57,1019.6,10,2.5,5.1,82.9,57
"ATLANTA 2.3 NE, GA US",9/28/2021,0,sun,59.4,1017.3,10,3.3,8,84,60.1
"ATLANTA 2.3 NE, GA US",9/29/2021,0,sun,61.2,1016.2,10,5.7,9.9,84.9,63
"ATLANTA 2.3 NE, GA US",9/30/2021,0,sun,62.8,1018.2,9.9,3.3,6,84.9,64.9
"ATLANTA 2.3 NE, GA US",10/1/2021,0,sun,63.9,1020.9,9.8,3,8,84.9,64.9
"ATLANTA 2.3 NE, GA US",10/2/2021,0,sun,65.8,1021.7,8.4,4.9,8,84.9,66
"ATLANTA 2.3 NE, GA US",10/3/2021,0,sun,65.8,1018.5,9.6,4.6,11.1,81,68
"ATLANTA 2.3 NE, GA US",10/4/2021,0.34,rain,66.1,1015.3,9.2,3.6,9.9,78.1,68
"ATLANTA 2.3 NE, GA US",10/5/2021,1,rain,65.4,1017.3,6.8,6.2,12,78.1,66
"ATLANTA 2.3 NE, GA US",10/6/2021,0.44,rain,67.2,1019.1,9.3,8,13,75.9,66
"ATLANTA 2.3 NE, GA US",10/7/2021,0.03,rain,68.4,1019.4,7.3,5,8.9,78.1,69.1
"ATLANTA 2.3 NE, GA US",10/8/2021,0.21,rain,65.6,1017.4,10,5.8,11.1,82.9,69.1
"ATLANTA 2.3 NE, GA US",10/9/2021,0,sun,62.2,1016.4,9.3,6,12,82.9,66
"ATLANTA 2.3 NE, GA US",10/10/2021,0,sun,61.9,1016.1,10,5,12,82.9,63
"ATLANTA 2.3 NE, GA US",10/11/2021,0,sun,62.2,1015.5,10,5.2,8.9,82,63
"ATLANTA 2.3 NE, GA US",10/12/2021,0,sun,63.6,1017.5,9.5,4.5,8.9,79,64
"ATLANTA 2.3 NE, GA US",10/13/2021,0.01,rain,63.6,1017.6,9.1,1.8,5.1,82.9,63
"ATLANTA 2.3 NE, GA US",10/14/2021,0,sun,63,1016.3,10,2,6,82.9,63
"ATLANTA 2.3 NE, GA US",10/15/2021,0,sun,63.2,1015,10,3.5,8,84.9,64
"ATLANTA 2.3 NE, GA US",10/16/2021,0,sun,58.5,1014.1,10,9.9,20,84.9,61
"ATLANTA 2.3 NE, GA US",10/17/2021,0,sun,38.9,1020.4,10,9.4,14,71.1,46.9
"ATLANTA 2.3 NE, GA US",10/18/2021,0,sun,40.5,1022,10,5.3,8.9,73,46.9
"ATLANTA 2.3 NE, GA US",10/19/2021,0,sun,45.5,1022.6,10,2.4,6,75.9,48.9
"ATLANTA 2.3 NE, GA US",10/20/2021,0,sun,49.6,1023.9,10,2.8,7,77,50
"ATLANTA 2.3 NE, GA US",10/21/2021,0,sun,57.5,1021,10,4.1,11.1,77,53.1
"ATLANTA 2.3 NE, GA US",10/22/2021,0.04,rain,57.8,1016.6,9.3,7.4,12,77,59
"ATLANTA 2.3 NE, GA US",10/23/2021,0,sun,47.4,1017.2,10,6.3,9.9,75,50
"ATLANTA 2.3 NE, GA US",10/24/2021,0,sun,50.1,1018.6,10,3.5,7,78.1,50
"ATLANTA 2.3 NE, GA US",10/25/2021,0,sun,58.1,1013.8,10,5.2,13,80.1,52
"ATLANTA 2.3 NE, GA US",10/26/2021,0,sun,48.8,1012,10,13,19,80.1,53.1
"ATLANTA 2.3 NE, GA US",10/27/2021,0,sun,42.7,1012.2,10,5.6,9.9,73,46
"ATLANTA 2.3 NE, GA US",10/28/2021,0.03,rain,51.6,1006.1,6.2,9.4,15,73,46
"ATLANTA 2.3 NE, GA US",10/29/2021,0.21,rain,50.8,1000.3,7.6,6.6,12,61,51.1
"ATLANTA 2.3 NE, GA US",10/30/2021,0.02,rain,50.4,1003.9,5.9,7.5,15,57.9,51.1
"ATLANTA 2.3 NE, GA US",10/31/2021,0,sun,48.7,1012.7,10,10.1,15,63,52
"ATLANTA 2.3 NE, GA US",11/1/2021,0,sun,46.3,1020.9,10,5.7,8.9,71.1,46
"ATLANTA 2.3 NE, GA US",11/2/2021,0,sun,46,1022.6,10,5.8,12,71.1,46
"ATLANTA 2.3 NE, GA US",11/3/2021,0,sun,42.3,1023.2,10,8.4,14,70,43
"ATLANTA 2.3 NE, GA US",11/4/2021,0.06,rain,41.9,1023.5,9.2,9.3,11.1,60.1,43
"ATLANTA 2.3 NE, GA US",11/5/2021,0.11,rain,38.8,1024.5,10,9.8,15,53.1,42.8
"ATLANTA 2.3 NE, GA US",11/6/2021,0,sun,33.2,1023.2,10,10.2,19,59,43
"ATLANTA 2.3 NE, GA US",11/7/2021,0,sun,35.5,1021.2,10,5.6,8,66.9,39
"ATLANTA 2.3 NE, GA US",11/8/2021,0,sun,33.1,1023.5,10,5.4,12,73.9,39
"ATLANTA 2.3 NE, GA US",11/9/2021,0,sun,40.2,1024.9,10,2,6,78.1,42.1
"ATLANTA 2.3 NE, GA US",11/10/2021,0,sun,44.7,1021.5,10,2.9,7,78.1,45
"ATLANTA 2.3 NE, GA US",11/11/2021,0,sun,51.1,1017.6,10,5.9,12,75.9,50
"ATLANTA 2.3 NE, GA US",11/12/2021,0.77,rain,47.9,1017.7,9.3,6.3,15.9,73.9,48
"ATLANTA 2.3 NE, GA US",11/13/2021,0,sun,38.9,1016.2,10,8,15,68,46
"ATLANTA 2.3 NE, GA US",11/14/2021,0,sun,29.7,1018.2,10,7.5,12,60.1,35.1
"ATLANTA 2.3 NE, GA US",11/15/2021,0,sun,32.4,1020.9,10,7.7,9.9,62.1,35.1
"ATLANTA 2.3 NE, GA US",11/16/2021,0,sun,42.4,1022.6,10,4.5,11.1,73,41
"ATLANTA 2.3 NE, GA US",11/17/2021,0,sun,48,1023.7,9.5,3.5,8.9,73.9,45
"ATLANTA 2.3 NE, GA US",11/18/2021,0,sun,50.7,1023.5,10,4.3,17.1,75,48
"ATLANTA 2.3 NE, GA US",11/19/2021,0,sun,27.9,1027,10,9.8,20,75,37
"ATLANTA 2.3 NE, GA US",11/20/2021,0,sun,28.2,1029.5,10,9.7,18.1,63,37
"ATLANTA 2.3 NE, GA US",11/21/2021,0,sun,37.4,1025.4,10,6.9,11.1,64.9,37
"ATLANTA 2.3 NE, GA US",11/22/2021,0.37,rain,48,1016.7,8.8,8.3,17.1,64.9,44.1
"ATLANTA 2.3 NE, GA US",11/23/2021,0,sun,21,1021.9,10,9.7,19,61,32
"ATLANTA 2.3 NE, GA US",11/24/2021,0,sun,22.7,1027.2,10,4.7,7,59,32
"ATLANTA 2.3 NE, GA US",11/25/2021,0,sun,33.2,1025.4,10,4.1,12,66.9,33.1
"ATLANTA 2.3 NE, GA US",11/26/2021,0.13,rain,37.9,1019,9,11.6,20,69.1,36
"ATLANTA 2.3 NE, GA US",11/27/2021,0,sun,21.2,1019.8,10,7.8,12,63,35.1
"ATLANTA 2.3 NE, GA US",11/28/2021,0,sun,29,1016.9,10,5.8,8.9,63,35.1
"ATLANTA 2.3 NE, GA US",11/29/2021,0,sun,24.9,1018.4,10,10.7,15,57,37
"ATLANTA 2.3 NE, GA US",11/30/2021,0,sun,25.7,1021.5,10,5.6,11.1,66,35.1
"ATLANTA 2.3 NE, GA US",12/1/2021,0,sun,39.3,1021.6,10,5,9.9,69.1,35.1
"ATLANTA 2.3 NE, GA US",12/2/2021,0,sun,42.7,1019.4,10,6.9,11.1,73.9,45
"ATLANTA 2.3 NE, GA US",12/3/2021,0,sun,45.8,1018.6,10,5.4,8,77,48.9
"ATLANTA 2.3 NE, GA US",12/4/2021,0,sun,51.8,1018.9,9.7,4.3,6,77,50
"ATLANTA 2.3 NE, GA US",12/5/2021,0,sun,54,1020.1,7.6,2,6,70,52
"ATLANTA 2.3 NE, GA US",12/6/2021,0.02,rain,55.7,1018.2,6.2,5.3,9.9,64.9,53.1
"ATLANTA 2.3 NE, GA US",12/7/2021,0.47,rain,36.7,1019.4,10,7.3,18.1,64,36
"ATLANTA 2.3 NE, GA US",12/8/2021,0.14,rain,41.4,1016.4,7.5,6.7,9.9,54,36
"ATLANTA 2.3 NE, GA US",12/9/2021,0.01,rain,38.5,1019.8,10,6.1,11.1,55,39
"ATLANTA 2.3 NE, GA US",12/10/2021,0.32,rain,47.7,1019.6,2.8,6.3,9.9,55,39
"ATLANTA 2.3 NE, GA US",12/11/2021,0.03,rain,58.9,1015.7,3,7.6,22.9,75,46.9
"ATLANTA 2.3 NE, GA US",12/12/2021,0.47,rain,36.8,1022.9,9.8,8.4,15.9,59,36
"ATLANTA 2.3 NE, GA US",12/13/2021,0,sun,31.9,1028.6,10,3.7,7,62.1,36
"ATLANTA 2.3 NE, GA US",12/14/2021,0,sun,34.2,1029.6,10,1.7,6,69.1,37
"ATLANTA 2.3 NE, GA US",12/15/2021,0,sun,37,1030.2,10,6.5,9.9,69.1,37
"ATLANTA 2.3 NE, GA US",12/16/2021,0,sun,46.5,1025.4,10,5.6,9.9,66.9,41
"ATLANTA 2.3 NE, GA US",12/17/2021,0,sun,56.5,1022.7,5.1,2.8,5.1,66.9,51.1
"ATLANTA 2.3 NE, GA US",12/18/2021,0.03,rain,61.2,1018.9,5.4,5.1,9.9,68,55.9
"ATLANTA 2.3 NE, GA US",12/19/2021,0.69,rain,52.8,1016.3,7,8.4,19,68,44.1
"ATLANTA 2.3 NE, GA US",12/20/2021,0,sun,33.1,1023,10,9.7,13,46,39.9
"ATLANTA 2.3 NE, GA US",12/21/2021,0,sun,29.6,1017.8,9.5,8.2,12,46,39.9
"ATLANTA 2.3 NE, GA US",12/22/2021,0.22,rain,33.3,1013.6,9.9,10.9,18.1,55,39.9
"ATLANTA 2.3 NE, GA US",12/23/2021,0,sun,21.8,1022,10,5.9,11.1,61,34
"ATLANTA 2.3 NE, GA US",12/24/2021,0,sun,35.9,1021.7,10,4.7,9.9,66,34
"ATLANTA 2.3 NE, GA US",12/25/2021,0,sun,51.4,1016.1,10,9.2,17.1,68,53.1
"ATLANTA 2.3 NE, GA US",12/26/2021,0,sun,57.9,1015.9,10,5.3,11.1,75,53.1
"ATLANTA 2.3 NE, GA US",12/27/2021,0.02,rain,58.8,1015.8,6.5,6.3,14,75,57.9
"ATLANTA 2.3 NE, GA US",12/28/2021,0,sun,60.5,1013.1,10,5.5,9.9,75,59
"ATLANTA 2.3 NE, GA US",12/29/2021,0,sun,62.3,1012,8.8,7.9,13,75,62.1
"ATLANTA 2.3 NE, GA US",12/30/2021,3.29,rain,63.5,1012,6.7,6.2,14,73.9,64
"ATLANTA 2.3 NE, GA US",12/31/2021,1.75,rain,60.5,1014.6,4,3.2,8,71.6,57
"ATLANTA 2.3 NE, GA US",1/1/2022,0,sun,65.2,1012.1,9.7,8.2,15,78.1,57
"ATLANTA 2.3 NE, GA US",1/2/2022,0.64,rain,60.2,1009.2,8.8,9.8,26,78.1,57
"ATLANTA 2.3 NE, GA US",1/3/2022,0.66,rain,37,1016.5,8.3,15.5,27,57.9,35.1
"ATLANTA 2.3 NE, GA US",1/4/2022,0,sun,27,1026.8,10,7.3,12,51.1,30
"ATLANTA 2.3 NE, GA US",1/5/2022,0,sun,36,1019.2,10,6.1,11.1,59,30
"ATLANTA 2.3 NE, GA US",1/6/2022,0,sun,42.3,1013.9,8.6,5.2,19,63,39
"ATLANTA 2.3 NE, GA US",1/7/2022,0.13,rain,24.3,1021.9,10,11.1,20,63,28
"ATLANTA 2.3 NE, GA US",1/8/2022,0,sun,19,1030.2,10,7.7,11.1,52,28
"ATLANTA 2.3 NE, GA US",1/9/2022,0,sun,38.1,1028.7,9.7,7.5,15.9,64.9,30
"ATLANTA 2.3 NE, GA US",1/10/2022,0.43,rain,30.3,1026.3,9.3,11.8,17.1,64.9,35.1
"ATLANTA 2.3 NE, GA US",1/11/2022,0,sun,15.6,1031.3,10,7.9,19,53.1,30
"ATLANTA 2.3 NE, GA US",1/12/2022,0,sun,21.2,1028.7,10,2.7,6,55.9,30
"ATLANTA 2.3 NE, GA US",1/13/2022,0,sun,29,1017.6,10,5.5,15,62.1,32
"ATLANTA 2.3 NE, GA US",1/14/2022,0,sun,33.3,1014.1,10,9.2,17.1,62.1,37.9
"ATLANTA 2.3 NE, GA US",1/15/2022,0,sun,32.6,1016.8,10,6.8,15,55.9,39
"ATLANTA 2.3 NE, GA US",1/16/2022,0.56,rain,34,1010.3,5.1,14.8,26,44.1,33.8
"ATLANTA 2.3 NE, GA US",1/17/2022,0.41,rain,29.1,1010.5,10,13.5,19,39.9,33.1
"ATLANTA 2.3 NE, GA US",1/18/2022,0,sun,26.3,1020.8,10,7.2,14,55.9,30
"ATLANTA 2.3 NE, GA US",1/19/2022,0,sun,30.2,1022.6,10,3.7,9.9,62.1,30
"ATLANTA 2.3 NE, GA US",1/20/2022,0.23,rain,39.1,1018.8,8,8.9,15.9,62.1,35.1
"ATLANTA 2.3 NE, GA US",1/21/2022,0.08,rain,30.3,1024.2,6.3,8.9,15,37.9,30.2
"ATLANTA 2.3 NE, GA US",1/22/2022,0,sun,28.4,1026.6,7.5,5.8,9.9,45,30.9
"ATLANTA 2.3 NE, GA US",1/23/2022,0,sun,22.4,1020.7,10,6.5,11.1,51.1,26.1
"ATLANTA 2.3 NE, GA US",1/24/2022,0,sun,25.1,1014.7,10,7,11.1,60.1,26.1
"ATLANTA 2.3 NE, GA US",1/25/2022,0,sun,33.9,1014.7,10,5.5,8,60.1,33.1
"ATLANTA 2.3 NE, GA US",1/26/2022,0,sun,26.6,1021.9,10,9.2,15.9,60.1,30
"ATLANTA 2.3 NE, GA US",1/27/2022,0,sun,19.6,1026.3,10,7.3,13,54,30
"ATLANTA 2.3 NE, GA US",1/28/2022,0,sun,24.6,1019.8,10,5.7,20,54,33.1
"ATLANTA 2.3 NE, GA US",1/29/2022,0.01,drizzle,13.3,1020.8,9.9,13.8,21,52,26.1
"ATLANTA 2.3 NE, GA US",1/30/2022,0,sun,11.7,1020.1,10,7.1,14,57.9,26.1
"ATLANTA 2.3 NE, GA US",1/31/2022,0,sun,24.7,1019.8,10,4.6,8.9,59,26.1
"ATLANTA 2.3 NE, GA US",2/1/2022,0,sun,24.4,1024.1,9.9,6.6,11.1,60.1,34
"ATLANTA 2.3 NE, GA US",2/2/2022,0,sun,35.5,1023.4,9.9,10.6,15,60.1,34
"ATLANTA 2.3 NE, GA US",2/3/2022,0.12,rain,50.1,1018.5,5.6,8.4,13,64,44.1
"ATLANTA 2.3 NE, GA US",2/4/2022,2.16,rain,52.7,1017.8,7.3,9.5,19,66.9,39.9
"ATLANTA 2.3 NE, GA US",2/5/2022,0.03,rain,22.6,1027.3,10,13.1,21,45,28.9
"ATLANTA 2.3 NE, GA US",2/6/2022,0,sun,19.8,1027.9,10,8.1,15,51.1,28.9
"ATLANTA 2.3 NE, GA US",2/7/2022,0,sun,27.5,1022.8,10,7.4,11.1,51.1,30.9
"ATLANTA 2.3 NE, GA US",2/8/2022,0,sun,26.3,1021.4,10,8.1,14,55,35.1
"ATLANTA 2.3 NE, GA US",2/9/2022,0,sun,26.4,1019.4,10,5.2,13,62.1,33.1
"ATLANTA 2.3 NE, GA US",2/10/2022,0,sun,26.9,1018.2,10,5.9,15,68,33.1
"ATLANTA 2.3 NE, GA US",2/11/2022,0,sun,28.7,1017.4,10,6.2,13,68,39.9
"ATLANTA 2.3 NE, GA US",2/12/2022,0,sun,36.7,1018.2,10,4.9,9.9,70,43
"ATLANTA 2.3 NE, GA US",2/13/2022,0,sun,23.9,1019.5,10,13.3,21,70,37
"ATLANTA 2.3 NE, GA US",2/14/2022,0,sun,16.9,1025.1,10,7.7,13,57.9,30
"ATLANTA 2.3 NE, GA US",2/15/2022,0,sun,25.5,1030.8,10,4.2,8,63,30
"ATLANTA 2.3 NE, GA US",2/16/2022,0,sun,36.4,1030.7,10,7.7,13,71.1,37
"ATLANTA 2.3 NE, GA US",2/17/2022,0,sun,53,1021.6,8.6,9.2,17.1,71.1,43
"ATLANTA 2.3 NE, GA US",2/18/2022,1.07,rain,46,1016.6,9.1,13,22.9,71.1,39
"ATLANTA 2.3 NE, GA US",2/19/2022,0,sun,22,1024.8,10,10.9,17.1,63,30
"ATLANTA 2.3 NE, GA US",2/20/2022,0,sun,21.3,1028.5,10,5.9,12,61,30
"ATLANTA 2.3 NE, GA US",2/21/2022,0,sun,37.2,1026.1,9,5.3,8,61,34
"ATLANTA 2.3 NE, GA US",2/22/2022,0.84,rain,55,1023.7,5.5,6.3,11.1,72,43
"ATLANTA 2.3 NE, GA US",2/23/2022,0.02,rain,59.6,1021.3,9.4,7.4,11.1,75,54
"ATLANTA 2.3 NE, GA US",2/24/2022,0.29,rain,59.6,1020.8,9.4,5.5,8.9,78.1,62.1
"ATLANTA 2.3 NE, GA US",2/25/2022,0,sun,55,1022.1,9.5,8.1,22,78.1,55.9
"ATLANTA 2.3 NE, GA US",2/26/2022,0,sun,34.3,1026.9,10,8,15,64.9,37.9
"ATLANTA 2.3 NE, GA US",2/27/2022,0,sun,43.3,1022.5,7.5,5.7,11.1,64,37.9
"ATLANTA 2.3 NE, GA US",2/28/2022,0.2,rain,40.8,1021.3,9.3,6.4,9.9,64,45
"ATLANTA 2.3 NE, GA US",3/1/2022,0,sun,31.3,1021.1,10,4.8,8.9,69.1,42.1
"ATLANTA 2.3 NE, GA US",3/2/2022,0,sun,30,1020.5,10,6.5,14,78.1,42.1
"ATLANTA 2.3 NE, GA US",3/3/2022,0,sun,31.4,1020.5,10,6.6,9.9,80.1,46.9
"ATLANTA 2.3 NE, GA US",3/4/2022,0,sun,35.2,1023.6,9.7,6.2,13,80.1,51.1
"ATLANTA 2.3 NE, GA US",3/5/2022,0,sun,45.9,1025.9,9.3,8,12,78.1,51.1
"ATLANTA 2.3 NE, GA US",3/6/2022,0,sun,54,1024.4,10,6.7,11.1,80.1,51.1
"ATLANTA 2.3 NE, GA US",3/7/2022,0,sun,57.3,1018.5,9.1,7.8,15.9,80.1,57.9
"ATLANTA 2.3 NE, GA US",3/8/2022,0.21,rain,46.8,1017.9,8.6,6.2,11.1,59,46
"ATLANTA 2.3 NE, GA US",3/9/2022,2.03,rain,50.1,1012.6,4.5,6.7,12,57,46
"ATLANTA 2.3 NE, GA US",3/10/2022,0.07,rain,44.1,1015.2,10,5.6,13,68,46
"ATLANTA 2.3 NE, GA US",3/11/2022,0,sun,48.3,1016.3,4.8,8,13,68,46
"ATLANTA 2.3 NE, GA US",3/12/2022,0.55,rain,31.9,1014.6,7.2,17.1,33,59,30.9
"ATLANTA 2.3 NE, GA US",3/13/2022,0,sun,8.7,1028.8,10,6.8,15.9,55,25
"ATLANTA 2.3 NE, GA US",3/14/2022,0,sun,20.8,1029.3,10,3.8,9.9,66,25
"ATLANTA 2.3 NE, GA US",3/15/2022,0,sun,40.5,1025.1,9.6,5.6,13,68,37
"ATLANTA 2.3 NE, GA US",3/16/2022,0.67,rain,54.3,1016.9,6.4,10.3,15,68,48
"ATLANTA 2.3 NE, GA US",3/17/2022,0.62,rain,50.8,1015,7,5.2,8.9,73.9,48.2
"ATLANTA 2.3 NE, GA US",3/18/2022,0.02,rain,51.1,1015,9,5,29.9,73.9,48.9
"ATLANTA 2.3 NE, GA US",3/19/2022,0.74,rain,50.9,1014.8,8.3,9.5,14,66.9,53.1
"ATLANTA 2.3 NE, GA US",3/20/2022,0,sun,33.8,1021.9,10,10.5,18.1,69.1,41
"ATLANTA 2.3 NE, GA US",3/21/2022,0,sun,29.6,1024.3,10,5.9,9.9,73,41
"ATLANTA 2.3 NE, GA US",3/22/2022,0,sun,41.2,1018.9,10,8.3,21,75.9,44.1
"ATLANTA 2.3 NE, GA US",3/23/2022,0.26,rain,58.3,1009.2,8.8,12.5,18.1,77,51.1
"ATLANTA 2.3 NE, GA US",3/24/2022,0.12,rain,39.4,1012.2,10,8.9,15,77,46
"ATLANTA 2.3 NE, GA US",3/25/2022,0,sun,32.8,1012.6,10,9.1,20,68,46
"ATLANTA 2.3 NE, GA US",3/26/2022,0,sun,31.3,1013.7,10,13,25.1,64.9,46
"ATLANTA 2.3 NE, GA US",3/27/2022,0,sun,19.3,1016.1,10,11.9,17.1,64.9,43
"ATLANTA 2.3 NE, GA US",3/28/2022,0,sun,22.9,1019.3,9.9,8.9,14,66.9,42.1
"ATLANTA 2.3 NE, GA US",3/29/2022,0,sun,31.5,1020.5,9.8,5.8,9.9,75,42.1
"ATLANTA 2.3 NE, GA US",3/30/2022,0,sun,48.8,1015.3,9.8,8.9,19,82.9,51.1
"ATLANTA 2.3 NE, GA US",3/31/2022,0.94,rain,53.8,1006,9.6,13.5,20,82.9,55
"ATLANTA 2.3 NE, GA US",4/1/2022,0,sun,37,1013.5,10,8.9,14,73,48
"ATLANTA 2.3 NE, GA US",4/2/2022,0,sun,34.5,1017.6,10,5.8,9.9,69.1,48
"ATLANTA 2.3 NE, GA US",4/3/2022,0,sun,36,1015.5,10,8.6,14,70,48
"ATLANTA 2.3 NE, GA US",4/4/2022,0,sun,29.5,1015.4,10,5.7,9.9,75.9,48
"ATLANTA 2.3 NE, GA US",4/5/2022,0,sun,46.5,1009.7,8.1,5.4,15,75.9,48
"ATLANTA 2.3 NE, GA US",4/6/2022,2.57,rain,61.7,1006.7,5.1,5.9,17.1,73,54
"ATLANTA 2.3 NE, GA US",4/7/2022,0.85,rain,47.9,1006.5,9.5,10.7,15.9,73,54
"ATLANTA 2.3 NE, GA US",4/8/2022,0.01,rain,31.8,1010.2,10,10.9,18.1,70,46
"ATLANTA 2.3 NE, GA US",4/9/2022,0,sun,29.5,1014.5,10,10.9,19,59,41
"ATLANTA 2.3 NE, GA US",4/10/2022,0,sun,30.5,1018.4,10,3.8,8.9,73.9,37.9
"ATLANTA 2.3 NE, GA US",4/11/2022,0,sun,42.2,1019.4,10,5.3,9.9,73.9,37.9
"ATLANTA 2.3 NE, GA US",4/12/2022,0,sun,50.3,1019.9,10,5.3,11.1,82,50
"ATLANTA 2.3 NE, GA US",4/13/2022,0,sun,56.5,1017.2,9.9,7.1,15,82,57
"ATLANTA 2.3 NE, GA US",4/14/2022,0.08,rain,56.5,1014.4,10,8.8,14,77,63
"ATLANTA 2.3 NE, GA US",4/15/2022,0,sun,34.8,1020,10,7.6,15,77,48
"ATLANTA 2.3 NE, GA US",4/16/2022,1.05,rain,54.1,1017,9.2,5.6,11.1,77,48
"ATLANTA 2.3 NE, GA US",4/17/2022,0,sun,59.9,1015.6,8,3.5,8.9,73,59
"ATLANTA 2.3 NE, GA US",4/18/2022,0.02,rain,58.3,1013.4,9.9,9.1,20,73,57.9
"ATLANTA 2.3 NE, GA US",4/19/2022,0.01,drizzle,31.2,1021.2,10,11.3,18.1,73,42.1
"ATLANTA 2.3 NE, GA US",4/20/2022,0,sun,32.4,1025.2,10,7.1,12,72,42.1
"ATLANTA 2.3 NE, GA US",4/21/2022,0,sun,49.3,1027.9,9.8,6.9,9.9,75.9,45
"ATLANTA 2.3 NE, GA US",4/22/2022,0,sun,53.4,1028.5,10,2.7,6,82,55
"ATLANTA 2.3 NE, GA US",4/23/2022,0,sun,53.4,1024.7,10,6.4,13,82,57.9
"ATLANTA 2.3 NE, GA US",4/24/2022,0,sun,55,1022.1,10,5.3,8.9,81,60.1
"ATLANTA 2.3 NE, GA US",4/25/2022,0,sun,56.7,1020.1,10,5.4,8.9,84,60.1
"ATLANTA 2.3 NE, GA US",4/26/2022,0,sun,58.6,1019.6,9.9,6.1,15.9,84,62.1
"ATLANTA 2.3 NE, GA US",4/27/2022,0.06,rain,38.6,1021,10,7.6,11.1,77,46.9
"ATLANTA 2.3 NE, GA US",4/28/2022,0,sun,39.1,1020.1,10,6.3,11.1,78.1,46.9
"ATLANTA 2.3 NE, GA US",4/29/2022,0,sun,45.4,1018.9,9.7,5,13,80.1,53.1
"ATLANTA 2.3 NE, GA US",4/30/2022,0,sun,53.5,1017.4,10,6.9,9.9,81,57
"ATLANTA 2.3 NE, GA US",5/1/2022,0,sun,61.3,1017,9.6,7.2,14,81,59
"ATLANTA 2.3 NE, GA US",5/2/2022,0,sun,62.4,1017.4,10,5.8,8.9,86,64.9
"ATLANTA 2.3 NE, GA US",5/3/2022,0,sun,60.7,1016.8,10,5.7,12,86,64.9
"ATLANTA 2.3 NE, GA US",5/4/2022,0.27,rain,63.1,1016.5,9.6,6.1,21,87.1,64
"ATLANTA 2.3 NE, GA US",5/5/2022,0.39,rain,63.4,1015.8,10,5.4,12,87.1,64
"ATLANTA 2.3 NE, GA US",5/6/2022,0,sun,62.2,1008.9,9.7,9.3,22,87.1,66.9
"ATLANTA 2.3 NE, GA US",5/7/2022,0.09,rain,52.1,1006.3,10,12.4,18.1,80.1,60.1
"ATLANTA 2.3 NE, GA US",5/8/2022,0,sun,52.4,1011.3,9.5,7.7,13,69.1,53.6
"ATLANTA 2.3 NE, GA US",5/9/2022,0,sun,50,1018.7,10,7.5,15,73,53.1
"ATLANTA 2.3 NE, GA US",5/10/2022,0,sun,47.5,1022.5,10,5.4,11.1,82,53.1
"ATLANTA 2.3 NE, GA US",5/11/2022,0,sun,50.2,1021.4,10,5.4,9.9,84,57
"ATLANTA 2.3 NE, GA US",5/12/2022,0,sun,54.6,1018.2,10,7.7,13,84.9,60.1
"ATLANTA 2.3 NE, GA US",5/13/2022,0,sun,58,1016.4,9.8,9.6,13,84.9,64
"ATLANTA 2.3 NE, GA US",5/14/2022,0,sun,59.7,1015.5,9.4,4.3,11.1,82,63
"ATLANTA 2.3 NE, GA US",5/15/2022,0,sun,61.1,1013.7,10,4.9,19,86,63
"ATLANTA 2.3 NE, GA US",5/16/2022,0,sun,61.7,1011.2,10,6.6,17.1,87.1,66
"ATLANTA 2.3 NE, GA US",5/17/2022,0,sun,50.8,1014.8,10,6.4,13,87.1,60.1
"ATLANTA 2.3 NE, GA US",5/18/2022,0,sun,51,1015.9,10,4.9,12,88,60.1
"ATLANTA 2.3 NE, GA US",5/19/2022,0,sun,63.2,1012.2,10,7.4,13,90,63
"ATLANTA 2.3 NE, GA US",5/20/2022,0,sun,64.2,1012.8,10,7.2,15,90,69.1
"ATLANTA 2.3 NE, GA US",5/21/2022,0,sun,64.8,1018.1,10,6,11.1,89.1,69.1
"ATLANTA 2.3 NE, GA US",5/22/2022,0,sun,63.5,1021,10,6.9,13,89.1,70
"ATLANTA 2.3 NE, GA US",5/23/2022,0.27,rain,64.6,1018.5,8.9,9.3,19,88,68
"ATLANTA 2.3 NE, GA US",5/24/2022,0,sun,66,1017.5,9.9,3.6,7,84,68
"ATLANTA 2.3 NE, GA US",5/25/2022,0.84,rain,64.5,1018.8,9.3,10,22,84,68
"ATLANTA 2.3 NE, GA US",5/26/2022,0.21,rain,66.9,1017.1,9.6,7.9,18.1,80.1,68
"ATLANTA 2.3 NE, GA US",5/27/2022,0.12,rain,62,1012.5,10,9.3,15.9,82,66
"ATLANTA 2.3 NE, GA US",5/28/2022,0,sun,56.2,1012.9,10,6.4,9.9,82,60.1
"ATLANTA 2.3 NE, GA US",5/29/2022,0,sun,58.1,1014.6,10,5.8,9.9,86,60.1
"ATLANTA 2.3 NE, GA US",5/30/2022,0,sun,63.1,1016.9,10,5.2,19,89.1,68
"ATLANTA 2.3 NE, GA US",5/31/2022,0.02,rain,64.4,1019,9.6,5.8,19,89.1,66.9
"ATLANTA 2.3 NE, GA US",6/1/2022,0,sun,63.9,1016.9,10,3.9,9.9,91.9,66.9
"ATLANTA 2.3 NE, GA US",6/2/2022,0,sun,65.3,1012.2,10,5,17.1,91.9,70
"ATLANTA 2.3 NE, GA US",6/3/2022,0.09,rain,64.8,1010.6,10,7.2,13,91.9,68
"ATLANTA 2.3 NE, GA US",6/4/2022,0,sun,59.7,1010.9,10,9.6,15,86,68
"ATLANTA 2.3 NE, GA US",6/5/2022,0,sun,56.7,1010.8,10,8.3,12,86,68
"ATLANTA 2.3 NE, GA US",6/6/2022,0,sun,60.5,1013,9.5,6.6,22,86,68
"ATLANTA 2.3 NE, GA US",6/7/2022,1.27,rain,66.7,1014.4,9.8,5.8,8,86,68
"ATLANTA 2.3 NE, GA US",6/8/2022,0.84,rain,67.4,1014.2,9.7,5.5,19,84.9,69.1
"ATLANTA 2.3 NE, GA US",6/9/2022,0.09,rain,68.1,1012.8,10,7.6,31.1,84.9,68
"ATLANTA 2.3 NE, GA US",6/10/2022,0.01,rain,58.7,1013.1,10,6.1,9.9,84.9,64
"ATLANTA 2.3 NE, GA US",6/11/2022,0,sun,61.7,1011.8,10,3.3,8,88,64
"ATLANTA 2.3 NE, GA US",6/12/2022,0,sun,66.7,1012.5,10,3.7,8.9,91.9,70
"ATLANTA 2.3 NE, GA US",6/13/2022,0,sun,70.2,1015.5,10,5.3,12,95,73
"ATLANTA 2.3 NE, GA US",6/14/2022,0,sun,72.8,1016.5,10,6.1,13,95,73.9
"ATLANTA 2.3 NE, GA US",6/15/2022,0,sun,71.3,1016.7,10,6.7,11.1,99,75
"ATLANTA 2.3 NE, GA US",6/16/2022,0,sun,68.8,1019.1,10,5,8.9,99,75
"ATLANTA 2.3 NE, GA US",6/17/2022,0.27,rain,70.6,1017.5,10,7.4,26,97,75.9
"ATLANTA 2.3 NE, GA US",6/18/2022,0.04,rain,64.9,1013.7,10,9.9,15.9,96.1,72
"ATLANTA 2.3 NE, GA US",6/19/2022,0,sun,49,1017.3,10,9.1,15.9,93,68
"ATLANTA 2.3 NE, GA US",6/20/2022,0,sun,52.1,1021.3,10,4,8,91.9,66.9
"ATLANTA 2.3 NE, GA US",6/21/2022,0,sun,59.8,1021.6,10,5.4,12,95,66.9
"ATLANTA 2.3 NE, GA US",6/22/2022,0,sun,62.5,1017.8,10,7.2,13,98.1,70
"ATLANTA 2.3 NE, GA US",6/23/2022,0,sun,66.7,1012,9.9,8.5,14,98.1,72
"ATLANTA 2.3 NE, GA US",6/24/2022,0,sun,66.8,1012.6,9.9,8.2,11.1,98.1,75.9
"ATLANTA 2.3 NE, GA US",6/25/2022,0,sun,66.4,1016.9,10,7.4,13,93,73.9
"ATLANTA 2.3 NE, GA US",6/26/2022,0,sun,63.8,1018.8,10,3.7,8.9,93,73.9
"ATLANTA 2.3 NE, GA US",6/27/2022,0,sun,67.2,1018.2,9.5,4.8,14,91.9,71.1
"ATLANTA 2.3 NE, GA US",6/28/2022,0.34,rain,69.7,1018.8,9.8,5.9,11.1,91,71.1
"ATLANTA 2.3 NE, GA US",6/29/2022,0.06,rain,70.5,1021.8,7.3,4.7,13,87.1,71.6
"ATLANTA 2.3 NE, GA US",6/30/2022,0.59,rain,69,1021.6,9.9,5.1,11.1,90,71.6
"ATLANTA 2.3 NE, GA US",7/1/2022,0.15,rain,69.8,1019.2,10,3.5,9.9,90,72
"ATLANTA 2.3 NE, GA US",7/2/2022,0,sun,70.1,1017,9.4,3.3,8,91,72
"ATLANTA 2.3 NE, GA US",7/3/2022,0,sun,71,1017.1,10,5.5,13,91.9,72
"ATLANTA 2.3 NE, GA US",7/4/2022,0.68,rain,72.6,1018.5,8,4.2,9.9,93,73
"ATLANTA 2.3 NE, GA US",7/5/2022,1.13,rain,72.2,1017.6,8.8,3.6,13,93,73
"ATLANTA 2.3 NE, GA US",7/6/2022,0,sun,73.1,1015.9,9.7,4.7,9.9,93.9,73
"ATLANTA 2.3 NE, GA US",7/7/2022,0,sun,73,1015.4,10,6.4,13,93.9,75.9
"ATLANTA 2.3 NE, GA US",7/8/2022,0.12,rain,72.9,1016.1,10,5.7,12,93.9,75.9
"ATLANTA 2.3 NE, GA US",7/9/2022,1.1,rain,71.9,1016,9.5,6.3,19,86,73.4
"ATLANTA 2.3 NE, GA US",7/10/2022,0.3,rain,72.1,1013.1,9.5,6.4,11.1,88,72
"ATLANTA 2.3 NE, GA US",7/11/2022,0.01,rain,69.2,1013.7,9.5,9.4,15.9,87.1,72
"ATLANTA 2.3 NE, GA US",7/12/2022,0,sun,69.6,1014.2,10,4.3,11.1,88,72
"ATLANTA 2.3 NE, GA US",7/13/2022,0,sun,71.8,1015.3,9.8,5.7,20,91,73
"ATLANTA 2.3 NE, GA US",7/14/2022,0.18,rain,68,1017.9,10,5.6,8.9,91,73
"ATLANTA 2.3 NE, GA US",7/15/2022,0,sun,64.9,1019.2,10,3.7,7,91,71.1
"ATLANTA 2.3 NE, GA US",7/16/2022,0,sun,67.5,1018.2,10,3.8,9.9,91,71.1
"ATLANTA 2.3 NE, GA US",7/17/2022,0,sun,68.4,1017,10,4.8,8,90,71.1
"ATLANTA 2.3 NE, GA US",7/18/2022,0,sun,67.9,1015.5,10,6.5,13,93,73
"ATLANTA 2.3 NE, GA US",7/19/2022,0.7,rain,70.1,1015.5,9.2,5.1,17.1,93,69.1
"ATLANTA 2.3 NE, GA US",7/20/2022,0.99,rain,72.2,1014.3,9.4,6.2,8.9,91.9,69.1
"ATLANTA 2.3 NE, GA US",7/21/2022,0.18,rain,71.7,1013.2,9.3,6.5,14,88,72
"ATLANTA 2.3 NE, GA US",7/22/2022,1.01,rain,69.9,1016.1,9.9,4.6,11.1,90,71.1
"ATLANTA 2.3 NE, GA US",7/23/2022,0.62,rain,69.8,1019.5,9.6,3.8,28,91.4,71.1
"ATLANTA 2.3 NE, GA US",7/24/2022,0,sun,69.6,1019.6,10,3.2,7,93,71.1
"ATLANTA 2.3 NE, GA US",7/25/2022,0,sun,70.7,1018.6,10,5.5,11.1,93,73.9
"ATLANTA 2.3 NE, GA US",7/26/2022,0.01,rain,71.1,1019.1,10,6,11.1,91.9,73.9
"ATLANTA 2.3 NE, GA US",7/27/2022,0,sun,69.8,1018.7,10,6.2,11.1,93,73.9
"ATLANTA 2.3 NE, GA US",7/28/2022,0,sun,70.6,1017.3,10,6.6,13,93,73.9
"ATLANTA 2.3 NE, GA US",7/29/2022,0,sun,71.1,1017.1,10,7,17.1,93.9,75
"ATLANTA 2.3 NE, GA US",7/30/2022,1.49,rain,72.3,1019.4,10,3.8,12,93.9,75
"ATLANTA 2.3 NE, GA US",7/31/2022,0.49,rain,69.4,1021.4,10,6.7,12,91.9,71.1
"ATLANTA 2.3 NE, GA US",8/1/2022,0,sun,68.6,1020.8,10,5.9,12,91.9,71.1
"ATLANTA 2.3 NE, GA US",8/2/2022,0.01,rain,70.9,1018.2,10,5.9,8,91.9,73
"ATLANTA 2.3 NE, GA US",8/3/2022,0,sun,70.5,1016.5,10,5.1,11.1,91.9,73
"ATLANTA 2.3 NE, GA US",8/4/2022,0,sun,69.3,1018.5,9.6,6,19,91,71.1
"ATLANTA 2.3 NE, GA US",8/5/2022,0.31,rain,71.6,1020,10,4.1,13,91,70
"ATLANTA 2.3 NE, GA US",8/6/2022,0.53,rain,71.7,1021.4,9.6,5.3,8,91,73
"ATLANTA 2.3 NE, GA US",8/7/2022,1.37,rain,69.9,1022.1,9.4,4.4,20,91,71.1
"ATLANTA 2.3 NE, GA US",8/8/2022,0,sun,69.3,1020.3,10,4.1,14,91.4,72
"ATLANTA 2.3 NE, GA US",8/9/2022,0.01,rain,70.3,1019.6,9.9,4.7,14,91,72
"ATLANTA 2.3 NE, GA US",8/10/2022,0.07,rain,70.3,1020.8,9.7,4.8,15,90,71.1
"ATLANTA 2.3 NE, GA US",8/11/2022,0.61,rain,69.4,1018.9,9.6,3.9,19,87.1,71.1
"ATLANTA 2.3 NE, GA US",8/12/2022,0.6,rain,69.5,1016.2,9.8,6.4,12,89.1,71.1
"ATLANTA 2.3 NE, GA US",8/13/2022,0,sun,65.8,1016.9,10,7.9,14,89.1,71.1
"ATLANTA 2.3 NE, GA US",8/14/2022,0,sun,65.1,1016.8,10,4.1,8.9,89.1,70
"ATLANTA 2.3 NE, GA US",8/15/2022,0,sun,67.2,1013.2,10,6.6,11.1,91,70
"ATLANTA 2.3 NE, GA US",8/16/2022,0.18,rain,68.1,1012,9.8,6.8,15,91,71.1
"ATLANTA 2.3 NE, GA US",8/17/2022,0,sun,66.7,1014,9.3,6.1,9.9,88,70
"ATLANTA 2.3 NE, GA US",8/18/2022,0.84,rain,66.7,1014.3,9.5,6.1,18.1,82,66.9
"ATLANTA 2.3 NE, GA US",8/19/2022,0.03,rain,69.7,1015.6,7.4,4.8,8,81,68
"ATLANTA 2.3 NE, GA US",8/20/2022,0.06,rain,71.3,1018.9,9.1,4.1,8.9,86,71.6
"ATLANTA 2.3 NE, GA US",8/21/2022,0.38,rain,70.5,1018.1,8,5.3,15.9,86,70
"ATLANTA 2.3 NE, GA US",8/22/2022,0.05,rain,71,1015.8,9.8,6.1,9.9,86,70
"ATLANTA 2.3 NE, GA US",8/23/2022,0.39,rain,69.5,1014.2,9.4,6,8,87.1,72
"ATLANTA 2.3 NE, GA US",8/24/2022,0,sun,69.6,1015.7,9.7,4.8,14,87.1,72
"ATLANTA 2.3 NE, GA US",8/25/2022,0.27,rain,70.2,1017.7,8.5,2.9,8,84,70
"ATLANTA 2.3 NE, GA US",8/26/2022,0.09,rain,70.4,1017,9.7,2.9,7,88,70
"ATLANTA 2.3 NE, GA US",8/27/2022,0,sun,72,1015.1,9.9,3.6,8.9,90,72
"ATLANTA 2.3 NE, GA US",8/28/2022,0.26,rain,71,1015.4,10,4.8,8,90,73
"ATLANTA 2.3 NE, GA US",8/29/2022,0,sun,69.8,1016.9,10,5.1,8.9,90,73
"ATLANTA 2.3 NE, GA US",8/30/2022,0,sun,70.8,1015.9,7.9,4.8,22,91,72
"ATLANTA 2.3 NE, GA US",8/31/2022,0.84,rain,69.1,1015.3,8.3,6.5,9.9,91,72
"ATLANTA 2.3 NE, GA US",9/1/2022,0,sun,63.8,1015.2,10,5,8,91,69.1
"ATLANTA 2.3 NE, GA US",9/2/2022,0,sun,69.8,1017.5,9.5,6,14,91,69.1
"ATLANTA 2.3 NE, GA US",9/3/2022,0.28,rain,70.2,1019.4,10,6.5,8.9,88,72
"ATLANTA 2.3 NE, GA US",9/4/2022,0,sun,71.2,1017.3,9.4,6.3,9.9,88,72
"ATLANTA 2.3 NE, GA US",9/5/2022,0.86,rain,71.5,1015.3,7.1,6.4,11.1,86,72
"ATLANTA 2.3 NE, GA US",9/6/2022,0.22,rain,70.7,1016.6,10,4.6,8,86,71.1
"ATLANTA 2.3 NE, GA US",9/7/2022,0,sun,68.9,1014.7,10,7.1,11.1,87.1,71.1
"ATLANTA 2.3 NE, GA US",9/8/2022,0,sun,67,1010.4,10,7.6,14,87.1,71.1
"ATLANTA 2.3 NE, GA US",9/9/2022,0,sun,66.2,1011.3,10,11,19,84.9,71.1
"ATLANTA 2.3 NE, GA US",9/10/2022,0.04,rain,66.8,1015.7,6.3,9.9,13,75,66.2
"ATLANTA 2.3 NE, GA US",9/11/2022,0.05,rain,70.2,1017.8,5,5.6,8.9,82,66.9
"ATLANTA 2.3 NE, GA US",9/12/2022,0.02,rain,68.6,1013.5,9.1,6.5,11.1,84.9,69.1
"ATLANTA 2.3 NE, GA US",9/13/2022,0,sun,54.6,1013.6,10,8,14,84.9,57
"ATLANTA 2.3 NE, GA US",9/14/2022,0,sun,56.7,1016.5,10,5,8,84.9,57
"ATLANTA 2.3 NE, GA US",9/15/2022,0,sun,58.6,1020,10,6.7,9.9,84.9,62.1
"ATLANTA 2.3 NE, GA US",9/16/2022,0,sun,58.6,1021.4,10,5.3,11.1,82.9,64
"ATLANTA 2.3 NE, GA US",9/17/2022,0,sun,60,1021.2,10,4.6,8,84,64
"ATLANTA 2.3 NE, GA US",9/18/2022,0,sun,59.8,1019.8,10,5.3,8,86,64.9
"ATLANTA 2.3 NE, GA US",9/19/2022,0,sun,60.7,1017.7,10,5,8,87.1,64.9
"ATLANTA 2.3 NE, GA US",9/20/2022,0,sun,66,1016.2,9.8,4.7,8.9,91.9,66.9
"ATLANTA 2.3 NE, GA US",9/21/2022,0.02,rain,67.6,1015.2,10,2.5,6,93,69.1
"ATLANTA 2.3 NE, GA US",9/22/2022,0,sun,67.1,1012.8,10,7.1,14,93.9,71.1
"ATLANTA 2.3 NE, GA US",9/23/2022,0.34,rain,50.3,1016.1,10,8,15,93.9,62.1
"ATLANTA 2.3 NE, GA US",9/24/2022,0,sun,49.3,1019,10,2.3,6,81,55
"ATLANTA 2.3 NE, GA US",9/25/2022,0,sun,54.6,1014.9,10,5,11.1,82.9,55
"ATLANTA 2.3 NE, GA US",9/26/2022,0.02,rain,57.5,1012.8,10,7.6,13,82.9,63
"ATLANTA 2.3 NE, GA US",9/27/2022,0,sun,43,1016.1,10,8,17.1,82,55
"ATLANTA 2.3 NE, GA US",9/28/2022,0,sun,37.5,1020.6,10,9.3,15.9,75.9,55
"ATLANTA 2.3 NE, GA US",9/29/2022,0,sun,40.5,1020.4,10,14.9,24.1,75.9,55
"ATLANTA 2.3 NE, GA US",9/30/2022,0,sun,46.8,1014.7,10,13,24.1,79,55.9
"ATLANTA 2.3 NE, GA US",10/1/2022,0,sun,46.7,1010.1,10,12.9,20,79,55.9
"ATLANTA 2.3 NE, GA US",10/2/2022,0,sun,51.3,1014.4,10,10.1,15.9,79,55
"ATLANTA 2.3 NE, GA US",10/3/2022,0,sun,51.5,1018.5,10,7.2,13,78.1,55
"ATLANTA 2.3 NE, GA US",10/4/2022,0,sun,53.3,1019.1,10,5.4,12,78.1,55.9
"ATLANTA 2.3 NE, GA US",10/5/2022,0,sun,45.5,1017.7,10,6.4,13,79,52
"ATLANTA 2.3 NE, GA US",10/6/2022,0,sun,43.6,1018.2,10,6.5,9.9,81,52
"ATLANTA 2.3 NE, GA US",10/7/2022,0,sun,47.4,1019.8,10,5,11.1,84,52
"ATLANTA 2.3 NE, GA US",10/8/2022,0,sun,46,1021.9,10,8.6,13,84,55.9
"ATLANTA 2.3 NE, GA US",10/9/2022,0,sun,40.8,1022.6,10,5.9,9.9,75,45
"ATLANTA 2.3 NE, GA US",10/10/2022,0,sun,44.9,1022.8,10,5.5,9.9,75.9,45
"ATLANTA 2.3 NE, GA US",10/11/2022,0,sun,52.1,1023.5,10,7.6,9.9,79,48.9
"ATLANTA 2.3 NE, GA US",10/12/2022,0,sun,63.5,1020.3,7.4,6.2,11.1,79,55.9
"ATLANTA 2.3 NE, GA US",10/13/2022,1.25,rain,60.6,1012,5.8,6.6,13,77,62.1
"ATLANTA 2.3 NE, GA US",10/14/2022,0.01,rain,41.7,1014.7,10,5.3,11.1,77,48.9
"ATLANTA 2.3 NE, GA US",10/15/2022,0,sun,45.8,1018.5,10,4.3,8.9,81,48.9
"ATLANTA 2.3 NE, GA US",10/16/2022,0,sun,50,1018.2,10,3.5,8,81,51.1
"ATLANTA 2.3 NE, GA US",10/17/2022,0,sun,53.8,1011.3,10,7.8,15.9,82,54
"ATLANTA 2.3 NE, GA US",10/18/2022,0,sun,26.3,1012.8,10,13.5,18.1,63,39.2
"ATLANTA 2.3 NE, GA US",10/19/2022,0,sun,27.9,1019.3,10,8.2,15,60.1,36
"ATLANTA 2.3 NE, GA US",10/20/2022,0,sun,27.1,1019.4,10,6,8.9,64,39
"ATLANTA 2.3 NE, GA US",10/21/2022,0,sun,31.7,1019.1,10,3.4,7,70,37
"ATLANTA 2.3 NE, GA US",10/22/2022,0,sun,37.1,1021.4,10,2.7,6,73.9,42.1
"ATLANTA 2.3 NE, GA US",10/23/2022,0,sun,39.4,1021.8,10,2.3,5.1,75,45
"ATLANTA 2.3 NE, GA US",10/24/2022,0,sun,46.1,1020.9,10,3,8,77,46
"ATLANTA 2.3 NE, GA US",10/25/2022,0,sun,51.4,1016,10,4.8,12,78.1,50
"ATLANTA 2.3 NE, GA US",10/26/2022,0.34,rain,52.7,1012.2,9.3,9.2,15,78.1,53.1
"ATLANTA 2.3 NE, GA US",10/27/2022,0,sun,46.1,1017,10,8.2,12,73,46.9
"ATLANTA 2.3 NE, GA US",10/28/2022,0,sun,48.4,1023.2,10,10.1,15.9,73,46.9
"ATLANTA 2.3 NE, GA US",10/29/2022,0,sun,48.9,1025.1,10,10.3,14,71.1,53.1
"ATLANTA 2.3 NE, GA US",10/30/2022,0.01,drizzle,55.9,1020.2,3.5,9.9,14,66.9,53.1
"ATLANTA 2.3 NE, GA US",10/31/2022,0.33,rain,58.5,1015.8,3.8,6,13,75,57
"ATLANTA 2.3 NE, GA US",11/1/2022,0,sun,52.7,1020.1,9.7,6.2,8.9,75,54
"ATLANTA 2.3 NE, GA US",11/2/2022,0,sun,53.1,1023.7,10,4.7,11.1,75.9,54
"ATLANTA 2.3 NE, GA US",11/3/2022,0,sun,53.1,1024.5,10,6.7,8.9,75.9,57
"ATLANTA 2.3 NE, GA US",11/4/2022,0,sun,52.5,1023.5,9.8,6.1,12,75.9,54
"ATLANTA 2.3 NE, GA US",11/5/2022,0,sun,59.8,1018.7,8.5,6.9,11.1,79,54
"ATLANTA 2.3 NE, GA US",11/6/2022,0.04,rain,64.4,1018,10,5,15,82.9,62.1
"ATLANTA 2.3 NE, GA US",11/7/2022,0,sun,65.3,1023,6.9,4.5,8,82.9,68
"ATLANTA 2.3 NE, GA US",11/8/2022,0,sun,59.2,1025.4,10,7.7,15,82.9,66.9
"ATLANTA 2.3 NE, GA US",11/9/2022,0,sun,37,1027.6,10,13.2,19,80.1,51.1
"ATLANTA 2.3 NE, GA US",11/10/2022,0,sun,50,1019.8,9.4,16.3,21,69.1,51.1
"ATLANTA 2.3 NE, GA US",11/11/2022,0.82,rain,63.3,1004,6,11.6,20,71.1,59
"ATLANTA 2.3 NE, GA US",11/12/2022,0.54,rain,58.5,1011.4,9,7.5,17.1,71.1,51.1
"ATLANTA 2.3 NE, GA US",11/13/2022,0,sun,29.7,1020.1,10,13.5,19,51.1,34
"ATLANTA 2.3 NE, GA US",11/14/2022,0,sun,27.6,1024.2,10,9,15.9,55,33.1
"ATLANTA 2.3 NE, GA US",11/15/2022,0.07,rain,40.4,1020.7,7.1,9.2,15,55,33.1
"ATLANTA 2.3 NE, GA US",11/16/2022,0.42,rain,38.4,1022.4,9.7,10.2,15,48.9,42.1
"ATLANTA 2.3 NE, GA US",11/17/2022,0,sun,24.2,1024.7,10,7.9,13,48.9,33.1
"ATLANTA 2.3 NE, GA US",11/18/2022,0,sun,21.4,1026.3,10,7.1,9.9,54,30
"ATLANTA 2.3 NE, GA US",11/19/2022,0,sun,28.8,1026.6,10,5.4,11.1,54,30
"ATLANTA 2.3 NE, GA US",11/20/2022,0,sun,20.4,1027.1,10,9.2,13,53.1,33.1
"ATLANTA 2.3 NE, GA US",11/21/2022,0,sun,18.6,1029.5,10,5,8.9,57.9,30.9
"ATLANTA 2.3 NE, GA US",11/22/2022,0,sun,23.7,1028,10,3.5,6,64,30.9
"ATLANTA 2.3 NE, GA US",11/23/2022,0,sun,33.4,1024,9.9,2.5,6,71.1,43
"ATLANTA 2.3 NE, GA US",11/24/2022,0,sun,38.3,1022.9,10,7.5,12,71.1,43
"ATLANTA 2.3 NE, GA US",11/25/2022,0.27,rain,48.9,1019.5,8.8,7.2,11.1,66,51.1
"ATLANTA 2.3 NE, GA US",11/26/2022,0,sun,47.6,1019.8,10,7.5,12,66,48.9
"ATLANTA 2.3 NE, GA US",11/27/2022,0.59,rain,52,1010.5,7.9,10.6,21,66.9,48.9
"ATLANTA 2.3 NE, GA US",11/28/2022,0,sun,44.1,1013.7,10,6.9,13,66.9,48
"ATLANTA 2.3 NE, GA US",11/29/2022,0,sun,43.8,1019,10,4.2,11.1,69.1,44.1
"ATLANTA 2.3 NE, GA US",11/30/2022,2.67,rain,53.6,1017.7,6.7,9.7,19,69.1,44.1
"ATLANTA 2.3 NE, GA US",12/1/2022,0.02,rain,22,1028.6,10,7.9,14,69.1,33.1
"ATLANTA 2.3 NE, GA US",12/2/2022,0,sun,30.7,1030.5,10,6.6,9.9,61,33.1
"ATLANTA 2.3 NE, GA US",12/3/2022,0,sun,51,1027.5,8.1,6.2,18.1,64.9,39
"ATLANTA 2.3 NE, GA US",12/4/2022,0.18,rain,49.1,1023.8,9.1,5.7,8.9,64.9,37
"ATLANTA 2.3 NE, GA US",12/5/2022,0.01,rain,43.1,1019.7,7,5.9,13,60.1,45
"ATLANTA 2.3 NE, GA US",12/6/2022,1.38,rain,48.7,1021,0.6,6.6,8.9,55,48
"ATLANTA 2.3 NE, GA US",12/7/2022,0.03,rain,58.1,1024.1,3.2,4.2,8,73,48
"ATLANTA 2.3 NE, GA US",12/8/2022,0.02,rain,62.8,1022.8,6.8,3.1,11.1,78.1,61
"ATLANTA 2.3 NE, GA US",12/9/2022,0,sun,60.8,1019.6,8.6,4.1,13,78.1,55
"ATLANTA 2.3 NE, GA US",12/10/2022,0.63,rain,53.2,1021.4,3.1,6.9,13,71.1,52
"ATLANTA 2.3 NE, GA US",12/11/2022,0,sun,51.3,1021,3.2,4.8,9.9,57,52
"ATLANTA 2.3 NE, GA US",12/12/2022,0.61,rain,51.8,1019.1,4,3.9,7,61,51.8
"ATLANTA 2.3 NE, GA US",12/13/2022,0,sun,45.4,1021.7,9.4,8.9,14,62.1,48
"ATLANTA 2.3 NE, GA US",12/14/2022,0,sun,40.2,1018.3,7.2,10.3,15.9,53.1,43
"ATLANTA 2.3 NE, GA US",12/15/2022,1.3,rain,44.8,1009.7,5.4,10.3,14,57.9,46
"ATLANTA 2.3 NE, GA US",12/16/2022,0,sun,30.6,1014.8,10,8.3,15,57.9,37
"ATLANTA 2.3 NE, GA US",12/17/2022,0,sun,27.6,1015.6,10,7.2,12,54,37
"ATLANTA 2.3 NE, GA US",12/18/2022,0,sun,21.9,1020.3,10,9.4,15,48,30.9
"ATLANTA 2.3 NE, GA US",12/19/2022,0,sun,22.1,1027.4,10,6.8,9.9,51.1,28.9
"ATLANTA 2.3 NE, GA US",12/20/2022,0.02,rain,32.1,1028.2,7.6,9,15,51.1,28.9
"ATLANTA 2.3 NE, GA US",12/21/2022,0.06,rain,32.9,1026.8,10,10,12,50,39
"ATLANTA 2.3 NE, GA US",12/22/2022,0.02,rain,39.5,1017.2,4.3,7.3,15,50,39
"ATLANTA 2.3 NE, GA US",12/23/2022,0.16,snow,19.8,1017,8.2,17,27,52,15.1
"ATLANTA 2.3 NE, GA US",12/24/2022,0,sun,1.1,1026.6,10,12.8,18.1,26.1,8.1
"ATLANTA 2.3 NE, GA US",12/25/2022,0,sun,6.2,1025.6,10,9.4,13,37,8.1
"ATLANTA 2.3 NE, GA US",12/26/2022,0,sun,5.5,1025.4,10,5.4,8,44.1,18
"ATLANTA 2.3 NE, GA US",12/27/2022,0,sun,20.5,1025.9,9.8,3.6,8,52,19
"ATLANTA 2.3 NE, GA US",12/28/2022,0,sun,24.6,1026,10,2.8,8.9,57.9,30
"ATLANTA 2.3 NE, GA US",12/29/2022,0,sun,34.9,1027,10,6.3,8,66,30
"ATLANTA 2.3 NE, GA US",12/30/2022,0,sun,46.3,1024,10,6,9.9,66.9,42.1
"ATLANTA 2.3 NE, GA US",12/31/2022,0.03,rain,55.4,1017,7.9,4.4,18.1,66.9,46.9
